empresa,setor,ano,DRE_3.01,DRE_3.11,EBITDA
CSN Mineração,Commodities,2015,15331852.0,1615951.0,24833837.0
CSN Mineração,Commodities,2016,17148949.0,-853058.0,11752622.0
CSN Mineração,Commodities,2017,18524601.0,111229.0,11649815.0
CSN Mineração,Commodities,2018,22968885.0,5200583.0,26005254.0
CSN Mineração,Commodities,2019,25436417.0,2244511.0,17350669.0
CSN Mineração,Commodities,2020,30064020.0,4292618.0,27347057.0
CSN Mineração,Commodities,2021,47912039.0,13595621.0,60435990.0
CSN Mineração,Commodities,2022,44362120.0,2167698.0,26454914.0
CSN Mineração,Commodities,2023,45437950.0,402649.0,22970625.0
CSN Mineração,Commodities,2024,43687460.0,-1538141.0,29974150.0
CSN Mineração,Commodities,2025,44797946.0,-1506726.0,23540372.0
Gerdau,Commodities,2015,43581241.0,-4595986.0,19613730.0
Gerdau,Commodities,2016,37651667.0,-2885929.0,14572582.0
Gerdau,Commodities,2017,36917619.0,-338667.0,12785304.0
Gerdau,Commodities,2018,46159478.0,2326382.0,16811108.0
Gerdau,Commodities,2019,39644010.0,1216887.0,13708924.0
Gerdau,Commodities,2020,43814661.0,2388054.0,22079129.0
Gerdau,Commodities,2021,78345081.0,15558938.0,70440348.0
Gerdau,Commodities,2022,82412210.0,11479552.0,60463169.0
Gerdau,Commodities,2023,68916447.0,7536983.0,39860187.0
Gerdau,Commodities,2024,67026656.0,4599062.0,30794818.0
Gerdau,Commodities,2025,69858532.0,1418438.0,24028068.0
Klabin,Commodities,2015,5687589.0,-1253197.0,12509680.0
Klabin,Commodities,2016,7090798.0,2481946.0,10570112.0
Klabin,Commodities,2017,8373378.0,532169.0,9352530.0
Klabin,Commodities,2018,10016461.0,186818.0,13491697.0
Klabin,Commodities,2019,10271839.0,714618.0,14427262.0
Klabin,Commodities,2020,11948794.0,-2389490.0,22190988.0
Klabin,Commodities,2021,16481388.0,3404874.0,21739206.0
Klabin,Commodities,2022,20032699.0,4688903.0,26692852.0
Klabin,Commodities,2023,18023749.0,2847388.0,22484124.0
Klabin,Commodities,2024,19645264.0,2046945.0,24406825.0
Klabin,Commodities,2025,20697507.0,1678211.0,25891931.0
Suzano,Commodities,2015,10224361.0,-925354.0,15756218.0
Suzano,Commodities,2016,9882313.0,1691998.0,13380291.0
Suzano,Commodities,2017,10520790.0,1807433.0,12993325.0
Suzano,Commodities,2018,13437329.0,318460.0,19587323.0
Suzano,Commodities,2019,26012950.0,-2814742.0,33127922.0
Suzano,Commodities,2020,30460277.0,-10714935.0,74551466.0
Suzano,Commodities,2021,40965431.0,8635532.0,68771011.0
Suzano,Commodities,2022,49830946.0,23394887.0,102923763.0
Suzano,Commodities,2023,39755575.0,14106381.0,74758274.0
Suzano,Commodities,2024,47403282.0,-7044706.0,97366834.0
Suzano,Commodities,2025,50115679.0,13437687.0,89317585.0
Vale,Commodities,2015,85499184.0,-45996622.0,134533567.0
Vale,Commodities,2016,94633264.0,13296496.0,119915380.0
Vale,Commodities,2017,108532022.0,17669992.0,130513116.0
Vale,Commodities,2018,134483126.0,25773768.0,162438376.0
Vale,Commodities,2019,148639921.0,-8696040.0,156418077.0
Vale,Commodities,2020,208528759.0,24902341.0,272930730.0
Vale,Commodities,2021,293524000.0,121343000.0,532759000.0
Vale,Commodities,2022,226508000.0,96337000.0,331412000.0
Vale,Commodities,2023,208066000.0,40554000.0,245928000.0
Vale,Commodities,2024,206005000.0,30431000.0,203951000.0
Vale,Commodities,2025,213595000.0,11811000.0,186415000.0
CPFL Energia,Energia,2015,20205869.0,875277.0,12017334.0
CPFL Energia,Energia,2016,19112089.0,879057.0,13509655.0
CPFL Energia,Energia,2017,26744905.0,1243042.0,15010688.0
CPFL Energia,Energia,2018,28136627.0,2165995.0,16605070.0
CPFL Energia,Energia,2019,29932474.0,2748297.0,19367680.0
CPFL Energia,Energia,2020,30898458.0,3706986.0,20427398.0
CPFL Energia,Energia,2021,39210148.0,4853751.0,26818324.0
CPFL Energia,Energia,2022,39354237.0,5218813.0,36259168.0
CPFL Energia,Energia,2023,39743190.0,5537162.0,38408745.0
CPFL Energia,Energia,2024,42628210.0,5761554.0,38870188.0
CPFL Energia,Energia,2025,44367780.0,5742553.0,39374835.0
Engie Brasil,Energia,2015,6512037.0,1501303.0,9300408.0
Engie Brasil,Energia,2016,6442371.0,1548301.0,9413331.0
Engie Brasil,Energia,2017,7009957.0,2004559.0,10225994.0
Engie Brasil,Energia,2018,8794792.0,2315407.0,12559769.0
Engie Brasil,Energia,2019,9804478.0,2311099.0,14807204.0
Engie Brasil,Energia,2020,12259159.0,2797268.0,19021653.0
Engie Brasil,Energia,2021,12540673.0,1564970.0,19721072.0
Engie Brasil,Energia,2022,11906605.0,2664568.0,21015294.0
Engie Brasil,Energia,2023,10747784.0,3429060.0,24441028.0
Engie Brasil,Energia,2024,11218635.0,4302841.0,26386407.0
Engie Brasil,Energia,2025,12860075.0,2857919.0,23007141.0
Equatorial Energia,Energia,2015,7252942.0,959848.0,7494055.0
Equatorial Energia,Energia,2016,7952181.0,873126.0,5845091.0
Equatorial Energia,Energia,2017,9071420.0,1205083.0,6805060.0
Equatorial Energia,Energia,2018,11252627.0,1161060.0,10407307.0
Equatorial Energia,Energia,2019,18796346.0,2715632.0,18676473.0
Equatorial Energia,Energia,2020,17890069.0,3447653.0,19950417.0
Equatorial Energia,Energia,2021,24240886.0,4302509.0,22038472.0
Equatorial Energia,Energia,2022,27132507.0,1922003.0,23837839.0
Equatorial Energia,Energia,2023,40985077.0,2876284.0,34310397.0
Equatorial Energia,Energia,2024,45366675.0,3767805.0,38362807.0
Equatorial Energia,Energia,2025,52073804.0,2503931.0,40416276.0
ISA CTEEP,Energia,2015,1287130.0,517186.0,2191958.0
ISA CTEEP,Energia,2016,7789240.0,4949334.0,23871263.0
ISA CTEEP,Energia,2017,2701193.0,1385460.0,5792285.0
ISA CTEEP,Energia,2018,3184654.0,1895245.0,6724324.0
ISA CTEEP,Energia,2019,3305155.0,1779451.0,6614072.0
ISA CTEEP,Energia,2020,3696428.0,3382650.0,12847070.0
ISA CTEEP,Energia,2021,5534129.0,3037808.0,13336691.0
ISA CTEEP,Energia,2022,5450570.0,2319791.0,17241788.0
ISA CTEEP,Energia,2023,6215521.0,2892362.0,19099405.0
ISA CTEEP,Energia,2024,7966581.0,3552731.0,27263034.0
ISA CTEEP,Energia,2025,9411153.0,2511015.0,27053104.0
Taesa,Energia,2015,1542465.0,909423.0,5173231.0
Taesa,Energia,2016,1391074.0,862066.0,4364561.0
Taesa,Energia,2017,1077059.0,648285.0,3130458.0
Taesa,Energia,2018,1635237.0,1071305.0,5043939.0
Taesa,Energia,2019,1794959.0,1002315.0,5222248.0
Taesa,Energia,2020,3561286.0,2262927.0,11931657.0
Taesa,Energia,2021,3472049.0,2213714.0,11556909.0
Taesa,Energia,2022,2616517.0,1449215.0,8396250.0
Taesa,Energia,2023,3362116.0,1367834.0,9390187.0
Taesa,Energia,2024,3718138.0,1693915.0,11267259.0
Taesa,Energia,2025,4624113.0,1579863.0,12641783.0
Petrobras,Petróleo,2015,321638000.0,-35171000.0,261254000.0
Petrobras,Petróleo,2016,282589000.0,-13045000.0,253570000.0
Petrobras,Petróleo,2017,283695000.0,377000.0,245021000.0
Petrobras,Petróleo,2018,349836000.0,26698000.0,298968000.0
Petrobras,Petróleo,2019,302245000.0,40970000.0,419785000.0
Petrobras,Petróleo,2020,272069000.0,6246000.0,387909000.0
Petrobras,Petróleo,2021,452668000.0,107264000.0,743755000.0
Petrobras,Petróleo,2022,641256000.0,189005000.0,1082633000.0
Petrobras,Petróleo,2023,511994000.0,125166000.0,779510000.0
Petrobras,Petróleo,2024,490829000.0,37009000.0,667639000.0
Petrobras,Petróleo,2025,497549000.0,110605000.0,681168000.0
Prio,Petróleo,2015,253071.0,110421.0,1165688.0
Prio,Petróleo,2016,397871.0,241622.0,1511448.0
Prio,Petróleo,2017,533922.0,30627.0,573173.0
Prio,Petróleo,2018,848920.0,204875.0,1305936.0
Prio,Petróleo,2019,1644346.0,842346.0,4432312.0
Prio,Petróleo,2020,1904185.0,452913.0,7296205.0
Prio,Petróleo,2021,4396003.0,1333046.0,8827853.0
Prio,Petróleo,2022,6363475.0,3427072.0,13835649.0
Prio,Petróleo,2023,11905041.0,5179905.0,28660520.0
Prio,Petróleo,2024,14360653.0,10301606.0,38265261.0
Prio,Petróleo,2025,15583960.0,2251479.0,33530564.0
Raízen,Petróleo,2020,100941193.0,2100884.0,20607250.0
Raízen,Petróleo,2021,89415311.0,1039344.0,10633318.0
Raízen,Petróleo,2022,191269874.0,3249563.0,40036753.0
Raízen,Petróleo,2023,245831790.0,2503326.0,46678091.0
Raízen,Petróleo,2024,220454239.0,614133.0,46003229.0
Raízen,Petróleo,2025,255268454.0,-4176951.0,44196515.0
Ultrapar,Petróleo,2015,75655274.0,1512972.0,11256188.0
Ultrapar,Petróleo,2016,77352955.0,1570618.0,10042364.0
Ultrapar,Petróleo,2017,80007422.0,1573868.0,10186147.0
Ultrapar,Petróleo,2018,90697983.0,1132320.0,9149091.0
Ultrapar,Petróleo,2019,89297975.0,402944.0,8993831.0
Ultrapar,Petróleo,2020,81241102.0,927697.0,9001012.0
Ultrapar,Petróleo,2021,109732842.0,883878.0,9509682.0
Ultrapar,Petróleo,2022,143634708.0,1840069.0,15504271.0
Ultrapar,Petróleo,2023,126048701.0,2517753.0,20574725.0
Ultrapar,Petróleo,2024,133498913.0,2525900.0,21160753.0
Ultrapar,Petróleo,2025,142369540.0,2541908.0,20798199.0
Vibra Energia,Petróleo,2016,86637000.0,-315000.0,8707000.0
Vibra Energia,Petróleo,2017,84567000.0,1151000.0,9332000.0
Vibra Energia,Petróleo,2018,97770000.0,3193000.0,15200000.0
Vibra Energia,Petróleo,2019,94985000.0,2211000.0,11519000.0
Vibra Energia,Petróleo,2020,81501000.0,3905000.0,18462000.0
Vibra Energia,Petróleo,2021,130121000.0,2497000.0,15590000.0
Vibra Energia,Petróleo,2022,181446000.0,1537000.0,18581000.0
Vibra Energia,Petróleo,2023,162947000.0,4766000.0,30669000.0
Vibra Energia,Petróleo,2024,172272000.0,6367000.0,37239000.0
Vibra Energia,Petróleo,2025,189075000.0,1979000.0,23944000.0
Brisanet,Tecnologia,2020,471774.0,29123.0,489626.0
Brisanet,Tecnologia,2021,728755.0,2243.0,728013.0
Brisanet,Tecnologia,2022,985244.0,60704.0,1292740.0
Brisanet,Tecnologia,2023,1227870.0,163349.0,1650732.0
Intelbras,Tecnologia,2019,1697956.0,189393.0,630515.0
Intelbras,Tecnologia,2020,2134376.0,327956.0,1196626.0
Intelbras,Tecnologia,2021,3087172.0,363509.0,1256162.0
Intelbras,Tecnologia,2022,4232623.0,479248.0,1874700.0
Intelbras,Tecnologia,2023,4103676.0,545558.0,2101435.0
Intelbras,Tecnologia,2024,4756146.0,528412.0,2395057.0
Intelbras,Tecnologia,2025,4460379.0,483733.0,1952560.0
Positivo,Tecnologia,2015,1843191.0,-79881.0,307882.0
Positivo,Tecnologia,2016,1746015.0,8838.0,575591.0
Positivo,Tecnologia,2017,1913608.0,-47551.0,325699.0
Positivo,Tecnologia,2018,1951337.0,-461.0,325842.0
Positivo,Tecnologia,2019,1915308.0,20848.0,397819.0
Positivo,Tecnologia,2020,2192173.0,195842.0,1260868.0
Positivo,Tecnologia,2021,3365487.0,202896.0,1162347.0
Positivo,Tecnologia,2022,4993235.0,306357.0,2157563.0
Positivo,Tecnologia,2023,3926631.0,250882.0,1695221.0
Positivo,Tecnologia,2024,3688326.0,85038.0,1378034.0
Positivo,Tecnologia,2025,3354898.0,12234.0,885486.0
Totvs,Tecnologia,2015,1908737.0,194946.0,1220882.0
Totvs,Tecnologia,2016,2183786.0,152269.0,1137423.0
Totvs,Tecnologia,2017,2227330.0,93258.0,945845.0
Totvs,Tecnologia,2018,2320269.0,60643.0,1063239.0
Totvs,Tecnologia,2019,2282124.0,210648.0,1574932.0
Totvs,Tecnologia,2020,2596077.0,294959.0,1923050.0
Totvs,Tecnologia,2021,3258863.0,374037.0,2670214.0
Totvs,Tecnologia,2022,3792932.0,523301.0,3287163.0
Totvs,Tecnologia,2023,4497028.0,764435.0,3625185.0
Totvs,Tecnologia,2024,5224007.0,735443.0,3981269.0
Totvs,Tecnologia,2025,5771867.0,920742.0,4840582.0
WEG,Tecnologia,2015,9760323.0,1165810.0,5438409.0
WEG,Tecnologia,2016,9367008.0,1127832.0,5269564.0
WEG,Tecnologia,2017,9523830.0,1140942.0,5253468.0
WEG,Tecnologia,2018,11970090.0,1344148.0,5988299.0
WEG,Tecnologia,2019,13347434.0,1632455.0,7059850.0
WEG,Tecnologia,2020,17469557.0,2395957.0,10495222.0
WEG,Tecnologia,2021,23563338.0,3657480.0,15066673.0
WEG,Tecnologia,2022,29904722.0,4272872.0,19079321.0
WEG,Tecnologia,2023,32503601.0,5867615.0,23377577.0
WEG,Tecnologia,2024,37986941.0,6318763.0,27392552.0
WEG,Tecnologia,2025,40804110.0,6775958.0,29351345.0
Alpargatas,Varejo,2015,4126254.0,263248.0,1304817.0
Alpargatas,Varejo,2016,4054404.0,358473.0,1669137.0
Alpargatas,Varejo,2017,3721863.0,350562.0,1922303.0
Alpargatas,Varejo,2018,3904509.0,324041.0,1852632.0
Alpargatas,Varejo,2019,3712184.0,259335.0,2040044.0
Alpargatas,Varejo,2020,3364278.0,126886.0,1596003.0
Alpargatas,Varejo,2021,3948561.0,692563.0,2444086.0
Alpargatas,Varejo,2022,4181866.0,108531.0,2135454.0
Alpargatas,Varejo,2023,3734146.0,-1867484.0,2883064.0
Alpargatas,Varejo,2024,4108311.0,107397.0,1646438.0
Alpargatas,Varejo,2025,4564874.0,567926.0,2763178.0
Arezzo,Varejo,2015,1120557.0,119663.0,547242.0
Arezzo,Varejo,2016,1239110.0,116149.0,537836.0
Arezzo,Varejo,2017,1360474.0,154470.0,655335.0
Arezzo,Varejo,2018,1526659.0,142644.0,664597.0
Arezzo,Varejo,2019,1679235.0,162139.0,856176.0
Arezzo,Varejo,2020,1590992.0,48584.0,512277.0
Arezzo,Varejo,2021,2923827.0,343720.0,1594463.0
Arezzo,Varejo,2022,4233726.0,422538.0,2100589.0
Arezzo,Varejo,2023,4846768.0,398673.0,2030982.0
Arezzo,Varejo,2024,8379753.0,338549.0,3511695.0
Arezzo,Varejo,2025,11819492.0,911249.0,5616514.0
Grupo Mateus,Varejo,2019,8035545.0,337695.0,1050581.0
Grupo Mateus,Varejo,2020,12397038.0,726269.0,1888193.0
Grupo Mateus,Varejo,2021,15876857.0,768791.0,3334869.0
Grupo Mateus,Varejo,2022,21768477.0,1064795.0,4810956.0
Grupo Mateus,Varejo,2023,26773586.0,1234638.0,5825319.0
Grupo Mateus,Varejo,2024,32085428.0,1334894.0,7347160.0
Grupo Mateus,Varejo,2025,38424403.0,1857293.0,7813199.0
Lojas Renner,Varejo,2015,6145198.0,578838.0,3649485.0
Lojas Renner,Varejo,2016,6451578.0,625058.0,3800554.0
Lojas Renner,Varejo,2017,7444305.0,732679.0,4367430.0
Lojas Renner,Varejo,2018,8426541.0,1020136.0,5163955.0
Lojas Renner,Varejo,2019,9588437.0,1099093.0,6749044.0
Lojas Renner,Varejo,2020,7537180.0,1096269.0,5802847.0
Lojas Renner,Varejo,2021,10571556.0,633112.0,5044600.0
Lojas Renner,Varejo,2022,13271137.0,1291704.0,9189585.0
Lojas Renner,Varejo,2023,13647849.0,976259.0,6876089.0
Lojas Renner,Varejo,2024,14436366.0,1196668.0,7478077.0
Lojas Renner,Varejo,2025,15829460.0,1457566.0,10063486.0
Magazine Luiza,Varejo,2015,8978259.0,-65605.0,1384786.0
Magazine Luiza,Varejo,2016,9508745.0,86565.0,1856845.0
Magazine Luiza,Varejo,2017,11984250.0,389022.0,2767986.0
Magazine Luiza,Varejo,2018,15590444.0,597429.0,3568933.0
Magazine Luiza,Varejo,2019,19886310.0,921828.0,6843063.0
Magazine Luiza,Varejo,2020,29177113.0,391709.0,4438836.0
Magazine Luiza,Varejo,2021,35278150.0,590661.0,5702888.0
Magazine Luiza,Varejo,2022,37299002.0,-498975.0,6990681.0
Magazine Luiza,Varejo,2023,36768149.0,-979104.0,5993040.0
Magazine Luiza,Varejo,2024,38038068.0,448717.0,9210994.0
Magazine Luiza,Varejo,2025,38703387.0,204603.0,9248249.0
