empresa,setor,ano,margem_ebitda,margem_liquida,roe,roa,liquidez_corrente,liquidez_imediata,endividamento,cobertura_juros,giro_ativo,fco_receita
CSN Mineração,Commodities,2015,1.6197545475915107,0.10539829108707806,0.18498321192106426,0.03321586564465584,3.0852449436877287,1.4760956149115279,0.7046769439177912,1.5349979988437763,0.31514614992394446,0.3306295286440281
CSN Mineração,Commodities,2016,0.6853260803329697,-0.0497440397076229,-0.11551974732010377,-0.01932022656442032,2.264077808380072,0.88620027751282,0.6894342056596352,0.7712714778267121,0.38839279395034015,0.016089499129071993
CSN Mineração,Commodities,2017,0.6288834507150788,0.0060043938328280325,0.013420116649769208,0.0024602759081680434,1.1135370499669637,0.3197334595433011,0.6527507981093551,1.2112081090197502,0.409745925511563,0.030869814685887162
CSN Mineração,Commodities,2018,1.1321948801607045,0.226418609349126,0.5193602797839704,0.10988495827501985,1.0503499918521155,0.19652872146754238,0.6090974461288108,4.644530813837259,0.48531769800592145,0.09613461863734352
CSN Mineração,Commodities,2019,0.682119223002202,0.08824006148350218,0.19754659682877876,0.04412311667262573,1.0951679941672763,0.09371420221262437,0.5497824659427039,1.6619480063664143,0.5000349719937041,0.19153165321986976
CSN Mineração,Commodities,2020,0.9096274217486551,0.14278256866513528,0.3815150062147242,0.06813446950833375,1.5881214714740817,0.6753219678037629,0.5598325384107136,7.176137212722165,0.47719038917228046,0.3185493490225193
CSN Mineração,Commodities,2021,1.261394656987986,0.2837621041342031,0.5264194383099654,0.1712745607619174,1.4250224598086776,0.6782960013717109,0.4095224154901322,10.564824111298108,0.6035850392514513,0.30875878607462315
CSN Mineração,Commodities,2022,0.5963401658892767,0.04886371525977568,0.09936256087492307,0.02539645339027149,1.362055524600337,0.5335391550095908,0.479398386671734,2.1739424328418715,0.5197405325251169,0.04604813746502647
CSN Mineração,Commodities,2023,0.5055383220413773,0.008861513338519894,0.02045477844420157,0.004399106650823361,1.3222034541729313,0.6414099186464556,0.49010392471428954,1.2494029699025528,0.4964283732103627,0.16049597307977143
CSN Mineração,Commodities,2024,0.6861042047306023,-0.03520783767241217,-0.09949734512633193,-0.014803103947510426,1.5840476420357554,0.9280839369378068,0.5477476062312622,0.734517373826649,0.42044910810043024,0.19800887943588388
CSN Mineração,Commodities,2025,0.5254788244086013,-0.03363381883624754,-0.09574812456509928,-0.01498106360415143,1.0803661015147643,0.5136716194708211,0.5262177760441525,0.74146115139454,0.44541667055678413,-0.02172374153047106
Gerdau,Commodities,2015,0.4500498276311131,-0.10545789643759801,-0.14375761466479772,-0.06556822997867072,2.8204769890898307,0.7183082452555509,0.3775014887357618,-1.1169253769500531,0.6217479410607154,0.16434405803175728
Gerdau,Commodities,2016,0.3870368342522524,-0.07664810697491826,-0.11888651920173689,-0.052821845925134524,2.0642256477375365,0.587296608981096,0.3767398165953301,-1.731130753077212,0.689147429856546,0.09339204025149803
Gerdau,Commodities,2017,0.34631984256622833,-0.00917358727820448,-0.014173760619899414,-0.0067327066342667405,2.3310647228718246,0.33125463435881214,0.32821085528198507,0.9621497566795062,0.7339229932725417,0.05623677951711891
Gerdau,Commodities,2018,0.364196232895008,0.05039879350455393,0.0896881327811004,0.04536535333563607,2.058156313082407,0.33984689778161586,0.2906867176943739,2.1416217102913278,0.9001277645969233,0.04332117880535824
Gerdau,Commodities,2019,0.3458006392390679,0.03069535599451216,0.04478273700336365,0.022533705090664456,2.456141440200244,0.3558002337384809,0.2972034130715403,2.1096637057435195,0.7341079573956766,0.04143859311911181
Gerdau,Commodities,2020,0.5039210277126188,0.054503537069475444,0.07682283632634297,0.03783175165176299,2.03877037587844,0.40212040557237444,0.27747965880397113,3.0578463501945894,0.6941155324201987,0.1462502699724186
Gerdau,Commodities,2021,0.8991036463412425,0.19859495709756175,0.3633937208332402,0.21078398121521005,2.325347974262536,0.2964101397938307,0.19020208098903127,16.266443235759557,1.0240455047978836,0.15976667380049042
Gerdau,Commodities,2022,0.7336676082342652,0.13929431087941946,0.24794816506121525,0.15555232634872518,2.321800106532321,0.18390700861892678,0.17083496321856936,9.380262689267639,1.0240455047978836,0.13529958728203018
Gerdau,Commodities,2023,0.5783842425887104,0.10936406805765829,0.15306980179457028,0.10064723919072653,2.5874116894758985,0.26634898922532735,0.1454668765810212,9.44988617892059,0.9202953125121853,0.16162629509904944
Gerdau,Commodities,2024,0.45944136016572273,0.06861541772276392,0.07905729223124656,0.05297573989172522,3.0106207582051003,0.7158356933226349,0.1570761232228817,3.7001483083409976,0.7720675855355165,0.16980174275738893
Gerdau,Commodities,2025,0.3439532339442804,0.020304434682366358,0.026365759082936327,0.017364055446213604,2.893078376361073,0.5996680630538603,0.17361326777100847,3.0783824748625293,0.8551853680168519,0.11433755865353712
Klabin,Commodities,2015,2.1994697577479667,-0.22033888173002655,-0.23414002100016068,-0.04770779703808943,2.74349610014246,1.598118771335375,0.6860669448739882,0.4337158357148879,0.21652010150684212,0.30592857535943613
Klabin,Commodities,2016,1.4906801745022211,0.350023509342672,0.3495533169134531,0.08466838183569207,2.4036782422513023,1.4172770765197178,0.6300306248993433,0.7695698289674805,0.2418934145157718,0.16963520890032405
Klabin,Commodities,2017,1.1169363188906556,0.0635548759413465,0.07356343543285176,0.01741986892699959,3.1498639165507845,1.8755797790054953,0.6399248682656149,2.175619301806601,0.274091777680064,0.21412839597113614
Klabin,Commodities,2018,1.3469524815201697,0.018651098426879512,0.02859504410528942,0.00630423230706968,2.92907454488776,1.546215047477076,0.6562003321686363,0.9775305305771012,0.33800863427883543,0.2782395898112118
Klabin,Commodities,2019,1.404545184168093,0.06957059977283522,0.10991970341808442,0.020592349693897505,4.404523335791038,2.196490389547791,0.6940384142249959,1.5202196590783272,0.29599212542563225,0.2874971073826216
Klabin,Commodities,2020,1.8571738704341207,-0.1999775040058436,-0.3500319137138793,-0.06774801014372987,2.9849050995828943,1.4415027984165922,0.7467761579649212,0.45734899520296324,0.3387781564757913,0.4846719258864116
Klabin,Commodities,2021,1.3190154858316545,0.20658903242857943,0.4804918047361452,0.08092256180032815,2.493724197118532,1.149772538832108,0.6972769108787643,5.050032875943521,0.39170792780736874,0.2967740945119428
Klabin,Commodities,2022,1.3324640878395866,0.23406246956538407,0.40532461822713967,0.09855324459168162,1.935080125353039,0.7248725190544357,0.5788596331893839,16.266443235759557,0.4210553053408304,0.42035344313814127
Klabin,Commodities,2023,1.247472099173152,0.15797978544863225,0.20734619131753643,0.051364732083826935,2.702596968384383,1.5689432316015999,0.5653724048966451,9.764864312092529,0.32513483885271116,0.42126230231013534
Klabin,Commodities,2024,1.2423770431387433,0.10419534194093803,0.23699173343213079,0.03446567308570454,1.9291054469959068,0.9403669487835498,0.6685246807116627,2.0188175650956857,0.33077940379754234,0.3779703342240654
Klabin,Commodities,2025,1.250968582834638,0.08108276035369863,0.11653352059679326,0.026305576534062215,2.0587276863671526,1.1526813314509048,0.5755939990510806,2.1325388658252042,0.3244287246673919,0.30903451319040504
Suzano,Commodities,2015,1.5410467216484238,-0.09050482470249241,-0.10066860812040276,-0.032744320281840204,1.8769064546139749,0.4207989918457779,0.5205554072304002,0.6932325920372676,0.361796405765962,0.22991255883864037
Suzano,Commodities,2016,1.3539634901262487,0.1712147753263836,0.16680623067357264,0.05755229722544877,2.0965457349249608,0.4216057760646956,0.4766362737795948,1.196161111615657,0.3361409499602933,0.30389393657132696
Suzano,Commodities,2017,1.2350141957020337,0.17179631947790994,0.15552420958505206,0.06336760300868963,1.83285050573528,0.2903796095473933,0.4274397396457355,3.1976610655255,0.36885308836221964,0.2803966242078779
Suzano,Commodities,2018,1.4576797963345245,0.02369965042903988,0.026481101053681066,0.0059047726271309825,5.0834343729770755,0.7241601220596309,0.662632245509788,1.033711009139263,0.24915019927448764,0.38481233882120475
Suzano,Commodities,2019,1.2735165369556316,-0.10820541307310397,-0.15561404378789018,-0.028748779788419207,1.6450837362724477,0.28304484765700033,0.6504491936198414,0.39082122953453285,0.2656870758304524,0.2912563550077942
Suzano,Commodities,2020,2.447497965957434,-0.35176748392668916,-0.3500319137138793,-0.10525399086458578,2.1972816491926963,0.8363153098996515,0.7161035987672704,0.3236812234893661,0.2992146678529317,0.4308771059435868
Suzano,Commodities,2021,1.6787571696731325,0.21080046735014213,0.5264194383099654,0.0725826515439123,2.9523227148915128,1.1765658773477166,0.6692878946689641,1.9449808360419778,0.3443192154946774,0.4305457691876841
Suzano,Commodities,2022,2.0654587412408345,0.4694851067045767,0.5264194383099654,0.1756399692223533,2.5615000762806086,0.6559201514875616,0.5598778428812067,3.454604682253451,0.3741119083738575,0.4342807379173576
Suzano,Commodities,2023,1.880447559870534,0.35482774428492103,0.3148021994943127,0.09823862266290441,2.606892039494317,0.5640992521818123,0.5374403944759851,2.1132053538808995,0.27686285597785826,0.43554842308280034
Suzano,Commodities,2024,2.0540103953139783,-0.14861219946753898,-0.21732472738799172,-0.0424543290322501,1.7233052882150448,0.36844680299459864,0.6112927081179831,0.5447890079020157,0.2856718976258964,0.4346624564940461
Suzano,Commodities,2025,1.7822283720829164,0.2681333919470591,0.3057343035121381,0.0800169438842774,3.1850344782870614,1.102148782196537,0.5645098640508563,1.090845012351256,0.2984221521356658,0.3622055085794607
Vale,Commodities,2015,1.5735070290261484,-0.41050697613961357,-0.32991505713078056,-0.13311155319932733,1.4670893495311472,0.34048122653921425,0.326051035215844,-0.7755433148683024,0.24742967384681153,0.18384824584992532
Vale,Commodities,2016,1.2671588713245694,0.14050552034219171,0.09944893835674044,0.04120438324158025,2.008964804952114,0.3794258905004895,0.29614067851580284,12.86294429264599,0.2932581092986934,0.22861562716467224
Vale,Commodities,2017,1.2025309544126985,0.16280901870601838,0.11930667705420703,0.05385604865404576,1.4461325122655753,0.33021994843524977,0.22673878255948215,3.5787937858113295,0.3307927845894873,0.37077253568536667
Vale,Commodities,2018,1.2078718039317438,0.19165057183456607,0.1483961584129835,0.07542478445141443,1.6684032694288669,0.6310431706673335,0.17537416388105453,2.3910119657080244,0.3935536624253934,0.3564073235477884
Vale,Commodities,2019,1.052328849125263,-0.05850406769255481,-0.05533614891815686,-0.023523770617586596,1.2310143217772023,0.53089777084196,0.16188134526177064,0.16659060248337162,0.40208777860039663,0.31810939269807603
Vale,Commodities,2020,1.308839755767213,0.11941921641609156,0.13759264916337388,0.05208283575633268,1.6720639250903724,0.9241543054252239,0.16332205511303774,2.1568458652487528,0.4361344624374423,0.36065947623080613
Vale,Commodities,2021,1.8150440849811258,0.4134006077867568,0.5264194383099654,0.21990812993610365,1.4714551842856132,0.7712052255523852,0.15408672725232805,7.934819222995733,0.5880736003590261,0.4659448631117047
Vale,Commodities,2022,1.4631359598777969,0.4253138961979268,0.49430459634467966,0.2124829340056067,1.117704682800298,0.34094483843373163,0.14629885726763228,7.938653541923009,0.4995908572588098,0.2569489819344129
Vale,Commodities,2023,1.1819711053223496,0.19490930762354253,0.2044825412832472,0.08893733113442577,1.2759908665501494,0.24629305970569995,0.14782097617460263,6.71660835562873,0.45630109828415033,0.3167504541828074
Vale,Commodities,2024,0.9900293682192179,0.14771971554088492,0.1423872356354108,0.06131264796252456,1.0298686077354882,0.3783973844920116,0.19344582682717978,2.6116788321167883,0.41506069611645596,0.24367855149146866
Vale,Commodities,2025,0.8727498302862895,0.055296238207823215,0.06251654086785302,0.0248081261263532,1.152599633531837,0.46453275309207515,0.21730372573483386,6.059325246398787,0.4486403945439346,0.22830590603712633
CPFL Energia,Energia,2015,0.5947447249113611,0.043317958757428346,0.08640326518750288,0.021594464349336116,1.3132618146194706,0.5966275875804329,0.5361927724564337,2.4336375823049323,0.4985106632161656,0.12659559457700137
CPFL Energia,Energia,2016,0.7068643830614225,0.04599481511414059,0.08474743431487444,0.020845063355398423,1.2617614716782504,0.6835950307884033,0.5227287041291322,1.9498257278767972,0.4532046341238546,0.24246569801971934
CPFL Energia,Energia,2017,0.5612541155034949,0.04647771229697768,0.11112138157024315,0.030110327488526004,0.8420313484296257,0.2855902191887149,0.4885455512440595,2.2414137570804153,0.6478444398495921,0.07605276593803567
CPFL Energia,Energia,2018,0.5901585147359703,0.07698133113112669,0.1728318548834647,0.05131287588959699,1.1173105781347221,0.22476854789681255,0.4827307610029771,3.6661935798644585,0.66656259557519,0.030447359592889366
CPFL Energia,Energia,2019,0.6470457470371477,0.09181656684976992,0.2068996279371039,0.06235035009182411,1.0272923217657066,0.1924479142865204,0.4289996665705725,6.488894274262062,0.6790751629152245,0.19338635356369138
CPFL Energia,Energia,2020,0.6611138329297856,0.11997317147671253,0.26039925601537195,0.07548811282752128,0.9587567665612635,0.27202619250891524,0.38427070632296684,16.182660020571248,0.6292082796375351,0.20588192459313018
CPFL Energia,Energia,2021,0.6839638554794539,0.12378813260281496,0.28881269993748615,0.07340834778914747,1.2043398504086777,0.1703577676357628,0.33901863823765677,9.347782470494561,0.5930160367204549,0.09848447906904101
CPFL Energia,Energia,2022,0.9213536016465013,0.13261121032533296,0.29753874926852675,0.07335348520461725,1.020220547218622,0.25177193999773645,0.3567648933466904,3.5142461929831974,0.5531469400261133,0.22818701833807628
CPFL Energia,Energia,2023,0.9664233042189114,0.13932354197033503,0.2768753631788942,0.07385716122800018,0.9134325649875004,0.22442879069378632,0.3526299896358906,4.137772797672127,0.5301125723872706,0.22393564784306444
CPFL Energia,Energia,2024,0.9118419000000234,0.13515824380146388,0.26435174736404343,0.0747000415951449,0.9528519415205116,0.11360623032048235,0.373248267056959,3.950713064984761,0.552685796249861,0.1592593730771243
CPFL Energia,Energia,2025,0.8874646195955714,0.12943070399285247,0.2443170797569096,0.07080835951399711,0.9295338701733792,0.12471047715244896,0.35827067914855165,3.730555300578019,0.5470754413721443,0.16144141086166583
Engie Brasil,Energia,2015,1.4281872169952352,0.23054276257951237,0.22602713946236572,0.0981200630848068,1.4866525644903543,0.8019817550584475,0.27755020971953326,5.320528349036757,0.4256046122938514,0.39597625136343667
Engie Brasil,Energia,2016,1.4611594085469464,0.24033092785249405,0.23408055220175877,0.10737407618512769,1.8631176025686447,1.008077548014931,0.214202370910722,6.824455253576219,0.44677593992825504,0.3919044711954651
Engie Brasil,Energia,2017,1.4587812735513213,0.2859588154392388,0.2932903664741449,0.10243798289629877,0.658116460033003,0.34001230694211243,0.34526977088141547,12.565401401930961,0.35822635066854597,0.047332957962509616
Engie Brasil,Energia,2018,1.4280916478752426,0.26327023993290577,0.36632842223107165,0.0975501931807338,1.0926599078570862,0.5792903609630189,0.40952225870524567,5.24401146869347,0.3705325493895337,0.35779197506888166
Engie Brasil,Energia,2019,1.5102490923025174,0.2357187195483533,0.33021266442057373,0.07669005054424376,1.1281057868996884,0.6472393674272248,0.4898879988298217,3.558439750745882,0.32534560976398064,0.3693481692753046
Engie Brasil,Energia,2020,1.5516278889930377,0.2281778056716615,0.3613108657480924,0.07949889968376282,1.4371684353213554,0.843525073565405,0.476437698046123,2.9587013628624628,0.348407679045518,0.10948964769932423
Engie Brasil,Energia,2021,1.572568872499905,0.12479154826858176,0.19728343693748718,0.04105838207196636,1.474926318045962,0.8928595732169452,0.5282522371016162,1.590976681640568,0.32901572776065524,0.1586167664207495
Engie Brasil,Energia,2022,1.7650114369293346,0.22378906497696027,0.31570067529429496,0.06977728820717718,1.2526746458832856,0.3795931866030788,0.45453090642534877,2.306129313120952,0.3117993643449959,0.28030601502275415
Engie Brasil,Energia,2023,2.274052772180758,0.3190480940070995,0.349326267469828,0.08121024979992053,1.4579554162683104,0.8596753338627484,0.47617541609104275,3.240093978699927,0.25453920999795543,0.4266872129175652
Engie Brasil,Energia,2024,2.3520158201064567,0.3835440764406722,0.35038286218410836,0.0858639678110171,0.9897379715128201,0.5443068675954135,0.471893098662542,3.8875202420954618,0.22386988376366912,0.3702983473479617
Engie Brasil,Energia,2025,1.7890363003326186,0.22223190766772355,0.2053915295368649,0.051668210037551995,1.12227137488637,0.5453843353299325,0.5181314184723136,2.3727423588257426,0.2324968119105795,0.26014708312354323
Equatorial Energia,Energia,2015,1.0332434755441309,0.13233912528185116,0.22695525128752478,0.07626383424545287,1.6472607770403185,0.12705398611260135,0.31266274677342965,2.6247510346611485,0.5762757920836251,0.16513464467246533
Equatorial Energia,Energia,2016,0.7350299244949279,0.10979704813056947,0.17922456840925946,0.06140333850931677,1.7350710782556007,0.26952628644105253,0.3399784943514268,9.144363001745202,0.5592439829192547,0.10911459384538656
Equatorial Energia,Energia,2017,0.750164803305326,0.13284392079740548,0.20964878158084824,0.06890735669457766,1.8393622339972515,1.0240841047657452,0.3985624914086164,8.334507375189107,0.5187091458981047,0.11653203136884854
Equatorial Energia,Energia,2018,0.9248779862693396,0.10318123936748282,0.17718340556375975,0.045521061008556574,1.463676179501253,0.7363718151541417,0.45229286478363756,2.655475961685902,0.4411757533405086,0.16342930410827622
Equatorial Energia,Energia,2019,0.9936225370611926,0.14447659135451113,0.2778602922307674,0.07235878299801798,1.8554182667356902,0.290068344354677,0.44786513330168765,6.863140872446866,0.5008339573880641,-0.03464263745730154
Equatorial Energia,Energia,2020,1.115167135464933,0.19271323101101512,0.28078809710023717,0.07813551439782686,1.6814471010011782,0.2548291388526531,0.40313593367059486,11.275984674329502,0.4054496621114758,0.1945626928549018
Equatorial Energia,Energia,2021,0.9091446575013801,0.17748975841889608,0.2946021602150355,0.0697165648804248,1.669819791349021,0.23069418757986773,0.41162153666168133,6.096746196479956,0.39279204333517515,0.05380418025974793
Equatorial Energia,Energia,2022,0.8785711913757177,0.07083764872888451,0.10351726559731309,0.021210088389539593,0.9814229499939118,0.14327527758221334,0.45447702498009296,2.041888955440097,0.2994183004395944,0.12779899034025866
Equatorial Energia,Energia,2023,0.8371436510903713,0.07017881166845191,0.11376059137643013,0.027751719423625528,1.540157951383689,0.2541270000267778,0.4481917873596105,1.6579317177656083,0.3954429943147783,0.07659321952719522
Equatorial Energia,Energia,2024,0.8456164574547286,0.08305226248121556,0.12606588568243685,0.03236609674848981,1.4550901242623835,0.16864722023621376,0.47956425763368515,1.821731910956763,0.38970758630218233,0.09370772709262912
Equatorial Energia,Energia,2025,0.7761345032523455,0.048084272852430755,0.08839083891254103,0.02284526367043872,1.4943353700220385,0.14939575876048275,0.4969872525755095,1.4320738737762033,0.47510885192233593,0.07631220872590756
ISA CTEEP,Energia,2015,1.7029810508651029,0.4018133366482018,0.0937780428326305,0.07047376082667468,2.128350907269761,0.01452720862113466,0.1494356700359723,22.589816576386344,0.17538930244213452,0.41246105676971245
ISA CTEEP,Energia,2016,3.0646459731629787,0.5927960148402424,0.48065212001449337,0.2158850650705165,2.8100760739233173,0.007565584284187694,0.06706378622577727,22.589816576386344,0.5169735525966386,0.01733493896708793
ISA CTEEP,Energia,2017,2.1443432587008777,0.512906704556098,0.12370558524297531,0.0803064054597644,3.350266884973337,0.0083449076420852,0.11262279829908962,22.589816576386344,0.15657117512095434,0.2098546827272246
ISA CTEEP,Energia,2018,2.1114771023790966,0.5927960148402424,0.16772784696701853,0.10221238833054762,4.626860146354384,0.026711430385927513,0.16260007429529488,17.28984488165722,0.17175145764607308,0.4127220727903251
ISA CTEEP,Energia,2019,2.001138221959333,0.5383865507063965,0.12930546556081712,0.08238544635251831,3.0532068757445887,0.3688338774310337,0.15249486853476354,12.637291575577974,0.15302285364376858,0.4086637389169343
ISA CTEEP,Energia,2020,3.475536382691615,0.5927960148402424,0.23947215244662787,0.13754882716004704,4.013020064889031,1.5062597586734252,0.18443664491221215,21.165253973945262,0.15030799405246134,0.37236948751605603
ISA CTEEP,Energia,2021,2.4098988296080557,0.5489225133711194,0.20535810314995842,0.10483608938880251,3.049029689373687,0.22993278522348792,0.25594829701161337,7.032117630464997,0.19098522438981141,0.16243296822318382
ISA CTEEP,Energia,2022,3.1632999851391688,0.4256052119319631,0.1402832319645274,0.0719458930545799,3.6109208208785586,0.2601956475684001,0.24940482670177447,4.297471736491262,0.16904373122686553,0.11002390575664564
ISA CTEEP,Energia,2023,3.0728566438758715,0.46534506117829866,0.1625679417472585,0.08054215798566886,2.4454288724835727,0.10055032527029503,0.2580998784890133,4.798878472365919,0.17308050456521087,0.0948992047488859
ISA CTEEP,Energia,2024,3.4221749581156584,0.4459542933160411,0.17700568404150765,0.0820404385378451,2.431819782909798,0.892774727412064,0.30652157487448456,5.330549948733505,0.18396602469684997,-0.022779784703124212
ISA CTEEP,Energia,2025,2.8745791296773096,0.26681268490693966,0.11713456694125875,0.05319792399254835,3.7563853801017717,0.7187210318581322,0.3391288922703349,3.0570547285914365,0.19938303912013405,-0.12915526928528312
Taesa,Energia,2015,3.353872535195288,0.5895906876331067,0.20777004682361355,0.10261521126531714,2.064817973392145,0.13133463701776238,0.4143935012160283,3.284095253758696,0.17404483045222893,0.983733563536721
Taesa,Energia,2016,3.1375476789876022,0.5927960148402424,0.20012731022558333,0.10249735542588612,1.8195625889477245,0.09447888849899522,0.39122658896487617,3.420465515392041,0.16539500015278308,0.983733563536721
Taesa,Energia,2017,2.9064870169600736,0.5927960148402424,0.149114950206461,0.08048410765231252,3.0193291334381755,0.08790622508832498,0.373088411659106,4.161170910528491,0.13371608552394715,0.983733563536721
Taesa,Energia,2018,3.0845308661680235,0.5927960148402424,0.2343160139036039,0.1243347778058641,2.980296998322524,0.03226474748958341,0.3829900651022354,6.770563529005099,0.18978426223617717,0.7322039557568719
Taesa,Energia,2019,2.909396816306111,0.5584055123264654,0.2034415882942156,0.08925353001644884,3.5809597782641465,0.08285189879387979,0.4757983454283429,5.428942375684417,0.15983640570558655,0.4992754709160488
Taesa,Energia,2020,3.350378767669881,0.5927960148402424,0.3755331980064734,0.16042961928319888,2.8042305347991965,1.0646212230126075,0.4432896321619372,6.718297537658536,0.2524764418554316,0.1453250314633534
Taesa,Energia,2021,3.328555846994095,0.5927960148402424,0.3311585344326704,0.13926552792637728,1.5066952220332643,0.2715516572226966,0.4280977765279588,4.24048245359575,0.21842782625544685,0.4172101257787548
Taesa,Energia,2022,3.208941505061882,0.5538718074447825,0.22056468968153906,0.08372570444381189,3.024587941267742,1.060358271081147,0.4712086100931644,3.3099651959102823,0.15116440901744005,0.7685296904243313
Taesa,Energia,2023,2.792939624926683,0.406837241784638,0.2047867219817616,0.07033051538368512,2.0015363308830505,0.7462380175903887,0.49888485867609567,2.5835629139365937,0.1728713799040921,0.22497796030832964
Taesa,Energia,2024,3.030349868670824,0.4555815303251251,0.24409741676062152,0.0829086823695629,1.2273548050728842,0.30493502970876757,0.47965446586729354,2.8609340669771366,0.18198429227452492,0.4142764469742651
Taesa,Energia,2025,2.7338828008744596,0.3416575243727824,0.20763132308632087,0.07019583581742986,1.5663772890342536,0.3245306402162849,0.48761198206420847,2.637612552040709,0.2054567243800526,0.3311835156277539
Petrobras,Petróleo,2015,0.8122609890622376,-0.10934964152245692,-0.13635870197340363,-0.03907302793469868,1.5199243537805185,0.8769673394758541,0.547527870819377,-0.47031132983845086,0.35732195726196625,0.26864673950217327
Petrobras,Petróleo,2016,0.8973102279281925,-0.04616244793675621,-0.051613694543469056,-0.016206076191541036,1.797614794189757,0.8514297682555718,0.4792675275950531,0.6062902335846975,0.35106622191578307,0.3174539702536192
Petrobras,Petróleo,2017,0.8636775410211671,0.0013288919438128976,0.0013983212726578118,0.00045338929544265586,1.8890046646877083,0.9025746652935118,0.4347281768819564,1.1953859299344916,0.34117845138091313,0.3047885933837396
Petrobras,Petróleo,2018,0.8545947243851405,0.07631575938439726,0.09415855796122634,0.031027121129890187,1.4794370956442906,0.5548069394651173,0.3798794384019022,3.074691943127962,0.40656243717118373,0.273974090716793
Petrobras,Petróleo,2019,1.3888898079372693,0.13555228374332082,0.13696065682279357,0.04424353490401302,0.9651648342187056,0.25583097281892775,0.37921903735484785,2.370962593226733,0.3263946108631539,0.33670035898029743
Petrobras,Petróleo,2020,1.4257743440083215,0.022957411538984597,0.020073919331512133,0.00632558214901678,1.0442888903563803,0.44652828222794544,0.39754957115469725,1.0007462084543401,0.2755355122799946,0.5443692592687884
Petrobras,Petróleo,2021,1.6430474431592248,0.2080880856010134,0.27533170252142686,0.11024604527874476,1.2470777463995315,0.4329456761023771,0.33693166459564766,3.5579688132847305,0.4652526180660691,0.44873063702316046
Petrobras,Petróleo,2022,1.6883007722344898,0.2080880856010134,0.45981298885321964,0.1729490571663137,0.9958529539305324,0.25482651422149744,0.2873967578879687,13.654979802826205,0.6565476513475355,0.3982964681811944
Petrobras,Petróleo,2023,1.5224983105270764,0.2080880856010134,0.3273683109274468,0.11910498549797885,0.9582194622029183,0.37585403347811236,0.28838658353697066,13.654979802826205,0.4872013002337071,0.4212861869475033
Petrobras,Petróleo,2024,1.3602272889336204,0.0754010052380768,0.10070092567902175,0.03290282602105091,0.6940782719395507,0.10396903617921235,0.3320305797401664,1.663627214414764,0.43637118520052953,0.41569874640658966
Petrobras,Petróleo,2025,1.3690470687309189,0.2080880856010134,0.2648669618546554,0.09040869257447959,0.7058900629133731,0.17950475883206968,0.31390260988123975,13.654979802826205,0.4066972974254305,0.402639740005507
Prio,Petróleo,2015,4.606169810053305,0.2080880856010134,0.1207968450013948,0.09381268388334436,5.760997134022236,2.1900915830657355,0.027293109732319375,4.072243713733076,0.21500683495930883,-0.07970490494762339
Prio,Petróleo,2016,3.798839322292904,0.2080880856010134,0.28966183621210523,0.1729490571663137,5.760997134022236,0.311391610148204,0.029674722760906862,13.654979802826205,0.3675927525640516,0.2865250294693506
Prio,Petróleo,2017,1.0735144833889594,0.057362311348848706,0.03559280078746471,0.024467072067897784,3.9181331046059062,0.42630457639311603,0.12036613930421389,3.064174228675136,0.4265356728584621,0.09652346222856523
Prio,Petróleo,2018,1.5383499034066814,0.2080880856010134,0.20353249963242454,0.13328991719922997,2.8021596502293886,0.4154038157774148,0.18197172139333262,2.3959930779295693,0.5523000683771583,0.31818781510625266
Prio,Petróleo,2019,2.695486229783756,0.2080880856010134,0.3890562149294652,0.15343974617428002,0.9061596626627532,0.27512317468796843,0.4113224807463945,2.6041381273461544,0.2995301608397175,0.27042422945049277
Prio,Petróleo,2020,3.831668141488353,0.2080880856010134,0.1437242781703717,0.06667512656354131,0.8566916451611553,0.37650253623137836,0.3733080144911556,2.05540160769531,0.2803226577188045,0.849468932903053
Prio,Petróleo,2021,2.008154453033813,0.2080880856010134,0.20135889148580363,0.10907459495691825,5.622754943153618,0.8938155446101601,0.31921775676402797,3.4089153203646987,0.3596966996295683,0.49675489302441334
Prio,Petróleo,2022,2.174228546509572,0.2080880856010134,0.34644825216131353,0.16880032626491687,5.760997134022236,2.1900915830657355,0.4542665639536373,13.654979802826205,0.3134327659817599,0.7742874765752988
Prio,Petróleo,2023,2.407427240275779,0.2080880856010134,0.37323825430817076,0.1729490571663137,1.5286267062492729,0.6742293387254674,0.3374810126349779,6.8073916228274625,0.4205103880013558,0.6501688654411186
Prio,Petróleo,2024,2.664590600441359,0.2080880856010134,0.3973742363889297,0.1729490571663137,2.1560777390140666,1.082667650640758,0.4024254762637035,11.885952062319669,0.25760790899248404,0.673331846400021
Prio,Petróleo,2025,2.151607421990303,0.14447412596028225,0.08733473207265774,0.03508091082829195,1.8191494718759829,0.6457566230466727,0.44310472150771263,0.886082074111076,0.2428179481628159,0.5246471371846437
Raízen,Petróleo,2020,0.20415104465824968,0.020812949971772177,0.45981298885321964,0.07199871060016277,1.1180379308638089,0.1808760157727677,0.313068261322251,5.400298906854931,2.115524630636486,0.034168022959665235
Raízen,Petróleo,2021,0.11892055041893217,0.01162378107704619,0.1852715281464255,0.03310840132564338,1.118307494286576,0.20175160032413117,0.25713578804231746,5.085732897254604,2.115524630636486,0.03055682488203838
Raízen,Petróleo,2022,0.20932074750046628,0.016989413607288725,0.1459893270595305,0.032384117235347114,1.164050452593253,0.20374924715837778,0.32587367355752506,3.1345331572950315,1.9061350782262327,0.07274517261406258
Raízen,Petróleo,2023,0.18987817238771276,0.010183084946011254,0.10929568649120132,0.022440996582895556,1.0591502449717196,0.1948084442608896,0.36099434213605963,1.6767036558519073,2.115524630636486,0.05311060054519393
Raízen,Petróleo,2024,0.20867473090413108,0.0027857618106404388,0.02775671616777769,0.00479105275093926,1.0975697572065788,0.28798791111579564,0.367947722679341,1.2552978135062591,1.7198357492874852,0.09716914992049665
Raízen,Petróleo,2025,0.17313739440753614,-0.016362973702970754,-0.22980662676116081,-0.029623833609038454,1.3305109927348715,0.4728464238885154,0.4852228740550741,0.5783971009532748,1.8104187018072482,0.024350235615090927
Ultrapar,Petróleo,2015,0.14878259511689826,0.01999823568149393,0.1897350795303161,0.07216295259063832,2.5855304089773257,0.7050919147042397,0.4245725076765775,4.195203444147764,2.115524630636486,0.04231931008537488
Ultrapar,Petróleo,2016,0.1298252148221099,0.020304563671808013,0.18351432566093495,0.06500991114530952,2.371409523622066,0.7789684826495468,0.4725697826170639,3.694842957786597,2.115524630636486,0.032496108261151756
Ultrapar,Petróleo,2017,0.1273150258484769,0.01967152497427051,0.16190671744969978,0.05553458425772297,2.1672821510387528,0.7131469286802316,0.47954973835512527,6.088166461450234,2.115524630636486,0.028490106830338816
Ultrapar,Petróleo,2018,0.10087424987168678,0.012484511370004777,0.11554251523133248,0.03712598233505943,2.5583436618935935,0.6215995838907915,0.4985721520049824,13.654979802826205,2.115524630636486,0.03185251649973297
Ultrapar,Petróleo,2019,0.1007170767310233,0.0045123531636635655,0.04096968279669655,0.012916746379089888,2.8985283929818833,0.40718977938502837,0.5122985476866643,2.541968693154242,2.115524630636486,0.032753844642053755
Ultrapar,Petróleo,2020,0.11079381961116185,0.011419059775924754,0.09360970670310027,0.025591527011658597,1.8925843437842942,0.2880142619053829,0.5299149835523493,6.564991424562133,2.115524630636486,0.038627233293807364
Ultrapar,Petróleo,2021,0.08666213165243637,0.008054817353586815,0.08442618566390683,0.022657521437191668,1.9797251315838398,0.18038231899261326,0.4543909710951889,2.319792535254847,2.115524630636486,0.023565962139210795
Ultrapar,Petróleo,2022,0.1079423714218154,0.012810754626242565,0.15113542803562194,0.05049446635703194,1.4541934469098683,0.4403617443866845,0.36426357419415706,2.2794138066223435,2.115524630636486,0.013956891255002239
Ultrapar,Petróleo,2023,0.1632283778949852,0.01997444622614556,0.17945717929787583,0.0658202110040125,1.6606823645029973,0.5276819650251148,0.3474840540255517,4.581811175722879,2.115524630636486,0.030542337758800067
Ultrapar,Petróleo,2024,0.15850880373834955,0.018920753309804104,0.15963022967692747,0.06385295704740326,1.5293446680379037,0.1974224071377266,0.39909076463126086,5.304507615346151,2.115524630636486,0.027982070535660465
Ultrapar,Petróleo,2025,0.14608601671396845,0.017854296642385723,0.14336263650610692,0.05150881089896179,1.6186303022854742,0.26800310685669293,0.4424182182923526,4.265426768572344,2.115524630636486,0.03829823429927497
Vibra Energia,Petróleo,2016,0.10049978646536699,-0.0036358599674503967,-0.04251012145748988,-0.01003248614561437,2.183158642742938,0.11636169834784153,0.411140836995987,-0.024115755627009645,2.115524630636486,0.0303796299502522
Vibra Energia,Petróleo,2017,0.11035037307696856,0.013610510009814704,0.1304101518241559,0.048438683612490534,2.4253342397462045,0.10944935418082936,0.19829980641360154,3.809694793536804,2.115524630636486,0.015017678290586162
Vibra Energia,Petróleo,2018,0.15546691214073846,0.032658279635880125,0.329651042742102,0.1259814559084632,2.8070598552948915,0.6702477526858145,0.21984612349575852,0.9847296739579035,2.115524630636486,0.034039071289761684
Vibra Energia,Petróleo,2019,0.1212717797546981,0.02327735958309207,0.2522245037645448,0.08547900719090698,1.4216769391789743,0.27468310268635887,0.2619268537848914,0.6938461538461539,2.115524630636486,0.030520608517134284
Vibra Energia,Petróleo,2020,0.2265248279162219,0.04791352253346585,0.31989841893995247,0.1378543439121686,1.9232209737827715,0.4837222702391242,0.3019380802767678,13.654979802826205,2.115524630636486,0.02230647476718077
Vibra Energia,Petróleo,2021,0.1198115600095296,0.019189831003450633,0.20287617809554762,0.07369259827647268,2.419948221828587,0.4939365036108462,0.4082457797190414,4.588028169014085,2.115524630636486,0.017491411839749157
Vibra Energia,Petróleo,2022,0.10240512328736924,0.008470839809089206,0.12185840006342662,0.03738749695937728,2.3113050706566916,0.43069409808811304,0.4230357577231817,1.950270802560315,2.115524630636486,0.00696074865249165
Vibra Energia,Petróleo,2023,0.18821457283656648,0.029248774141285204,0.3029686606064459,0.10961109450104643,2.360844337735094,0.6668667466986795,0.3568915158345024,6.958487084870849,2.115524630636486,0.03833761898040467
Vibra Energia,Petróleo,2024,0.2161639732516021,0.03695899507755178,0.3123375030659799,0.12993877551020408,3.035118628141884,1.230913789053324,0.4246530612244898,13.654979802826205,2.115524630636486,0.02407820191325346
Vibra Energia,Petróleo,2025,0.1266375776808145,0.010466746000264445,0.09541487874258715,0.03246231320637108,1.946563588480163,0.3098292413558746,0.38082115381460885,2.0328559393428813,2.115524630636486,0.035255850852836175
Brisanet,Tecnologia,2020,1.0378401522763019,0.061730828744271625,0.2289598025110655,0.028601031180947704,0.6496247102708967,0.38729537882080256,0.6729398477780506,2.038753799392097,0.46331843849742205,0.46860149139206486
Brisanet,Tecnologia,2021,0.9989818251675803,0.003077851952988316,0.0016712627011867232,0.0007754910261893311,2.3676454851970963,1.9471153939691082,0.38798338105098223,1.1829685717249248,0.25195852108364064,0.44356333747281323
Brisanet,Tecnologia,2022,1.312101367783006,0.06161316384570726,0.0440322146599479,0.019720077809584822,1.7426873430939103,0.45220501655150963,0.41013402272175015,2.730562475416284,0.32006273625175585,0.2595154093808234
Brisanet,Tecnologia,2023,1.3443866207334654,0.13303444175686352,0.10831745198128985,0.05110600517226599,1.9357233072061224,0.8667297724170664,0.3897708522224913,3.0599150349138142,0.38415619667625905,0.4205819834347284
Intelbras,Tecnologia,2019,0.37133765539271923,0.11154175962156852,0.26128253908691207,0.11825791042912225,1.9640355378792738,0.6440887805503881,0.16653439690295188,26.825882226304543,1.0602119854513667,0.1166732235699865
Intelbras,Tecnologia,2020,0.5606444225384843,0.15365427647237412,0.335941325302439,0.13428986753475422,1.8894551453663915,0.696320689199174,0.20536289744692177,5.547524695612221,0.8739741621112544,0.11166261239819038
Intelbras,Tecnologia,2021,0.4068973157310315,0.11774821746245431,0.18941254385430134,0.10222999294672698,2.33063568498239,0.7419910442911694,0.12767520971394308,26.825882226304543,0.868208412406111,-0.013644850367909531
Intelbras,Tecnologia,2022,0.44291683903810947,0.11322718796358665,0.21316187204274198,0.09609209801855964,2.188389391516351,0.8914032667826708,0.22005011847899358,26.825882226304543,0.848666294260195,0.14790261263523824
Intelbras,Tecnologia,2023,0.5120859931437082,0.13294373142519048,0.2079487040703299,0.1116051948689571,2.6449440307519803,0.9538039619816057,0.1897039554772277,26.825882226304543,0.8394919690648152,0.1337551989971918
Intelbras,Tecnologia,2024,0.503570958502956,0.11110087873669143,0.17812424996696483,0.09487566345472079,2.269454917720226,0.4943127004388292,0.16908635410477849,18.462689098432943,0.8539596134030197,0.022113072222761876
Intelbras,Tecnologia,2025,0.4377565224838517,0.10845109798965515,0.1604862497847667,0.09083024484000359,2.4183463227291493,0.6697611869347111,0.16696960126421367,7.7248396533241275,0.8375225933504854,0.2062658800967362
Positivo,Tecnologia,2015,0.16703749095997106,-0.04333842775925013,-0.13858725353273363,-0.04162550025012506,1.4080066758620189,0.5038550560665261,0.4421898449224612,-3.482405845980888,0.9604755502751375,0.04377896810477048
Positivo,Tecnologia,2016,0.32965982537377975,0.0050618121837441256,0.01580344929324357,0.004848337230983936,1.3196655590735002,0.4459983069114559,0.37206023611917977,1.08660591887751,0.9578263781801785,0.039504242517962335
Positivo,Tecnologia,2017,0.1702015250772363,-0.02484887186926476,-0.09390471488521353,-0.02742495208664603,1.2938717360572507,0.35554858807717765,0.30643033833777716,0.4704444765482038,1.1036699062611204,0.058831275788980814
Positivo,Tecnologia,2018,0.1669839704776776,-0.00023624827490074753,-0.0009040846584089678,-0.0002576096838888892,1.2759761342439782,0.35376648325457827,0.34100313546190086,1.1579629829734026,1.0904193226262329,-0.03308654527639254
Positivo,Tecnologia,2019,0.20770497486566128,0.010884933389303443,0.03897609237004853,0.010716545620624622,1.2483750274610392,0.39078564442895036,0.3660547454691907,1.4007084661707403,0.9845301975991607,-0.0019166630119020023
Positivo,Tecnologia,2020,0.5751681094512158,0.08933692733192133,0.18956034914987155,0.06933355991128057,1.612944332760487,0.39692851286570013,0.2701000306234257,26.825882226304543,0.7760907161456259,-0.10202479457597553
Positivo,Tecnologia,2021,0.34537260135011666,0.060287263032066385,0.17170406741019634,0.05404599087513079,1.6102177327083154,0.18527949563672716,0.2398959441000539,3.1940007585974377,0.8964744484483247,-0.04330665963053787
Positivo,Tecnologia,2022,0.43209722754887364,0.06135441252013975,0.21784302292508106,0.07294518223973617,1.934376750001269,0.24056670010878559,0.3647735322305096,1.9650216433886285,1.1889150143160727,-0.06608321058392004
Positivo,Tecnologia,2023,0.4317240402777852,0.06389243094143554,0.15715219048537765,0.05475581497623331,1.8483367067077159,0.30573628742700715,0.3024407480586918,1.9989191356229317,0.8570000259721382,0.13770940024667458
Positivo,Tecnologia,2024,0.37362044461362687,0.023055988001060644,0.05165962890941796,0.01903699294401349,1.9744149099661898,0.37717267357770795,0.2871788075496974,1.4925207595937775,0.825685411665626,0.1434471898633689
Positivo,Tecnologia,2025,0.2639382777062075,0.003646608630128248,0.007762729760049544,0.0027347402544421646,1.6912668308156429,0.3707212902661096,0.284690394722224,1.0962760303713484,0.7499407070579949,0.08873950862291491
Totvs,Tecnologia,2015,0.6396281939313797,0.10213350503500482,0.15750259345318696,0.07323084436013261,1.7575571253546851,0.6473751410010582,0.30900519331724313,8.606951670059564,0.7170109782782228,0.1640702726462577
Totvs,Tecnologia,2016,0.5208491125046135,0.06972707032648803,0.1247170157488312,0.0623054348929094,1.5247365815599883,0.344077270477109,0.2669498738088769,5.778422084286181,0.893561633970454,0.11929190863939965
Totvs,Tecnologia,2017,0.4246541823618413,0.041869862121912786,0.07392176617043589,0.03739856634417765,1.6766825021072655,0.6251861014135633,0.26936447942252745,3.6403021776053945,0.8932096846959747,0.14805709077684942
Totvs,Tecnologia,2018,0.4582395403291601,0.02613619369133493,0.04707503376752418,0.0253600900272114,1.4375940654893096,0.638093775189822,0.20016878011204892,3.1954078274517745,0.9703054058563688,0.18360198752817022
Totvs,Tecnologia,2019,0.6901167508864549,0.09230348570016353,0.08499323557976105,0.05957362807546649,2.84071903984398,2.035643446318358,0.12745625121785603,26.825882226304543,0.645410383189472,0.1513059763623712
Totvs,Tecnologia,2020,0.7407522966383508,0.11361720010616018,0.11326428499565695,0.05731358932816416,1.3882009636128079,0.5037830307480622,0.06316058235591984,26.825882226304543,0.5044446551632343,0.14319374964610063
Totvs,Tecnologia,2021,0.8193698231561131,0.11477530660233339,0.08337858514741837,0.037610463523218896,1.6527038303384496,0.8648979530358031,0.18549375190107617,10.501649488760936,0.32768776347972983,0.13026690597303414
Totvs,Tecnologia,2022,0.8666548728002506,0.13796740885415293,0.11413701956160388,0.049292717266914796,1.8673493855290457,0.8199834790307778,0.16574133495877477,26.825882226304543,0.3572779809108595,0.2413858197299609
Totvs,Tecnologia,2023,0.8061290701325409,0.1699867112235014,0.15250053314889409,0.08658365859238905,2.896280868877291,2.035643446318358,0.1975415852103216,26.825882226304543,0.5093554547246191,0.21171916207771
Totvs,Tecnologia,2024,0.7621101962535655,0.14078139634958375,0.14746844923153057,0.08620101383999781,2.4152816341941117,1.6974017586132457,0.19474957045594904,17.785123464298746,0.6123040122854463,0.21336322864804738
Totvs,Tecnologia,2025,0.8386509945568739,0.15952238677710348,0.16914655521298322,0.09741063719647053,1.9592189349830302,0.9026807911346654,0.1942709246373135,13.903752321981424,0.6106392912273805,0.208456466512482
WEG,Tecnologia,2015,0.5571955969080121,0.11944379299742437,0.18937599698508462,0.08174502320611776,2.7438499506416583,0.9376983275390932,0.3613191589884992,7.961376930637944,0.6843806710649291,0.10065670982404988
WEG,Tecnologia,2016,0.5625664032741298,0.12040472261793735,0.1857788191140852,0.08348540723445151,2.7837409705522203,1.034099403602782,0.3257248637996952,4.928067086730912,0.6933731951641424,0.22749121170815698
WEG,Tecnologia,2017,0.5516129540321488,0.11979865243289727,0.1667237784305161,0.08157751040380633,2.176133196264758,0.7309544632184428,0.2900361626247758,20.3737680060652,0.6809551589029791,0.13546398875242419
WEG,Tecnologia,2018,0.500271844238431,0.1122922216959104,0.17115803035606755,0.08728318782325802,1.8749649384466123,0.438160160381279,0.2449448533589613,26.825882226304543,0.7772861423974908,0.10857520703687273
WEG,Tecnologia,2019,0.5289293807334053,0.12230478157824193,0.1828059157960983,0.10405994119829744,2.173426042763995,0.43331883774313235,0.14565408527642876,26.825882226304543,0.8508247989611695,0.1429378111178523
WEG,Tecnologia,2020,0.6007720745294228,0.13715041543411777,0.20082960207699757,0.12023130791128175,2.1346564221552917,0.6616985524079725,0.08463412294002337,26.825882226304543,0.8766383064223138,0.22496460557070794
WEG,Tecnologia,2021,0.6394116572108757,0.15521909501955963,0.2610495770652543,0.15282298714311876,2.0113747880266666,0.34238984828738667,0.07475581510836996,24.219642035493585,0.9845630598726341,0.039866380561192134
WEG,Tecnologia,2022,0.6380036236417781,0.14288285308253326,0.2802185547227881,0.15187217474815762,1.9149805653911667,0.43369924437367807,0.12296903534643745,26.825882226304543,1.0629139289403178,0.09974779233861462
WEG,Tecnologia,2023,0.7192303708133754,0.1805219981626036,0.32862999793444625,0.18629555182248564,1.9218278688473451,0.5783096126817775,0.09001259514221843,26.825882226304543,1.0319825490446963,0.21603215594481362
WEG,Tecnologia,2024,0.7211044448143377,0.16634040103413433,0.2732412413686756,0.15229714477817036,1.7614140174249633,0.47544150433553456,0.08665372160671873,26.825882226304543,0.9155751929858449,0.19091479358656438
WEG,Tecnologia,2025,0.7193232495452051,0.1660606737899687,0.3652145238998168,0.1588920912941086,1.5478099809155443,0.36215074068520564,0.10765198195428635,26.825882226304543,0.9568315463724613,0.15809762791052176
Alpargatas,Varejo,2015,0.3162231408924414,0.06379830228580209,0.13631063215474443,0.06994821268669606,1.6865971398658592,0.30158096217007924,0.17874249030814648,5.872223549080487,1.0963961450469912,0.09871399094675219
Alpargatas,Varejo,2016,0.4116849233574158,0.08841570795608923,0.1735317311057636,0.09478267353278062,2.2744462208279286,0.39349944194745257,0.1567069939810452,5.425363534033218,1.0720117015842194,0.08409892058117543
Alpargatas,Varejo,2017,0.5164894570273005,0.0941899258516501,0.15481527246422766,0.09097344875532444,2.175570327372593,0.5610657108082443,0.19038582009802116,5.153581809785119,0.9658511558721085,0.08141164787634579
Alpargatas,Varejo,2018,0.4744852681860895,0.08299148497288647,0.13119929323299748,0.08141518879527047,2.0604444597752694,0.447376273057321,0.15399945478825308,8.112852664576803,0.9810065312347287,0.04927892341905218
Alpargatas,Varejo,2019,0.5495535781631514,0.06986049182906882,0.09483498818105224,0.057349116770307206,2.0773134791622727,0.4506687253033239,0.06164253301607239,26.825882226304543,0.8209091471990517,0.14316370093723801
Alpargatas,Varejo,2020,0.4743968839673772,0.03771567034591077,0.04203538650319756,0.026354498600710423,2.098158178490914,0.54265882881733,0.050650876316260626,3.7145352852751183,0.698767869137658,0.0929709138186559
Alpargatas,Varejo,2021,0.6189814466586688,0.17539630260239109,0.1997464244316253,0.08622800669940003,0.7513749275572045,0.1358967421889364,0.013758372382455461,6.496868081713164,0.4916181551151154,0.19938504179117406
Alpargatas,Varejo,2022,0.5106462043499241,0.025952768453125948,0.01884297916683305,0.012768833650208007,2.5244052230388516,0.43319070193114356,0.15003517779492875,2.8792486327062394,0.49200275775088004,-0.15260675497493223
Alpargatas,Varejo,2023,0.7720812201772507,-0.15013313847856047,-0.29665507774866834,-0.14464479853291684,3.2479669721157194,0.9364718756439656,0.23478957908230394,-16.07409723284922,0.5901559079108302,0.0995054826458312
Alpargatas,Varejo,2024,0.40075787835925764,0.026141399713897024,0.02660726358946967,0.01570194708120575,2.5630739638086966,1.1029226307529754,0.2081259114949797,4.178096713691593,0.6006544122753473,0.2056881769661547
Alpargatas,Varejo,2025,0.6053130929791272,0.12441219626215314,0.17086858583910566,0.09315213101782947,1.606923903566096,0.3293228608195329,0.202654099113004,16.018853695324285,0.7487379358012898,0.1341173929444712
Arezzo,Varejo,2015,0.48836605366795266,0.10678885589934292,0.193659219459302,0.14012914135286927,3.4502075776319376,0.0462436835594322,0.1442160412577815,6.071941209334307,1.3122075348850282,0.08143003881105558
Arezzo,Varejo,2016,0.4340502457408947,0.09373582652064788,0.17343463257373834,0.1280375418344085,3.499127978992221,0.024872417380964178,0.11690374668742036,26.67007402185407,1.3659402875826216,0.08208230100636747
Arezzo,Varejo,2017,0.48169608533496416,0.11354130986700224,0.23229968719923003,0.1471284380688047,2.396796749106705,0.0284621312968542,0.17310712744749734,18.670215053763442,1.2958141687914742,0.1278135414568746
Arezzo,Varejo,2018,0.43532773199516067,0.09343540371490948,0.2005280160597856,0.1364972555864318,3.2904931435114446,0.0332214358569536,0.10661683087216468,8.988252431746629,1.4608729684832618,0.07718554045140401
Arezzo,Varejo,2019,0.509860740158465,0.09655527665871662,0.2173238203870677,0.11472783635438624,2.110504692688617,0.029716415694089643,0.12792084055959,12.274537852112676,1.188208871897309,0.12200912915702686
Arezzo,Varejo,2020,0.32198590564880275,0.0305369228757907,0.03602558807412444,0.01715206642789435,1.7169597264921255,0.0420191394069461,0.22392195004845467,2.4529040504913318,0.5616828682333379,0.1384771262206221
Arezzo,Varejo,2021,0.5453342485721624,0.1175582549856746,0.2159037089056197,0.10210538135641052,1.084125082290981,0.022218564845292957,0.158806366347169,7.244746486060213,0.868551352423978,0.08274702983452852
Arezzo,Varejo,2022,0.49615610457549686,0.099802868678795,0.15917242304187498,0.09068771376766803,1.457443620976421,0.01762669993151355,0.08625246390846279,7.120673587201326,0.9086684077141798,0.03265445142175001
Arezzo,Varejo,2023,0.4190384190041694,0.08225543289878946,0.13610772459380854,0.06671342109913413,1.2716815506636834,0.03198383445674029,0.18091388348942689,3.0560863691801163,0.8110518508998806,0.08512724355694351
Arezzo,Varejo,2024,0.41906903461235673,0.040400832816909996,0.043844893133018585,0.02219477505065216,1.5123939260575072,0.040105093231723135,0.17404026408287385,0.9744524342324173,0.5493642953162691,0.043432664423402455
Arezzo,Varejo,2025,0.4751908119232197,0.07709713750810948,0.11423019606623992,0.05898585897842788,1.8389388253496224,0.08514875464837529,0.2088577470542478,1.455719321222291,0.7650849419957185,0.09094950950514624
Grupo Mateus,Varejo,2019,0.13074172318119057,0.04202515199653539,0.17324026682576757,0.08193823556244868,2.752283270010909,0.394251881359053,0.31311763952271787,4.136328594223426,1.9497427533207679,0.04053863179162086
Grupo Mateus,Varejo,2020,0.1523100114720952,0.05858407467977431,0.1272472904263483,0.08858331510892382,4.4559482271014375,1.4241968647019685,0.1442869494973051,5.991794469017403,1.5120715927174406,-0.01888830218960368
Grupo Mateus,Varejo,2021,0.21004591777831091,0.048422115283900335,0.11870321702145005,0.07722668960725329,3.8005310430536308,0.531561129635947,0.20030575617798146,7.123218548092399,1.594864023483296,-0.006566790895704357
Grupo Mateus,Varejo,2022,0.22100563121618477,0.048914538210459095,0.14118232799455316,0.08027744098321328,3.1962081772505164,0.6521690336049302,0.23887234696060852,4.929356970068961,1.6411775296295865,0.04491715244938817
Grupo Mateus,Varejo,2023,0.21757709258670094,0.04611403194178023,0.1407233339712382,0.07547934573049238,2.448346565999249,0.30434848302417766,0.22880016354781377,4.1512842843855395,1.6367977934739335,0.03564625224278884
Grupo Mateus,Varejo,2024,0.2289874394070729,0.04160436943524643,0.13397912048118282,0.0704083194536176,2.5612334028780825,0.35610485208366766,0.11993350817080906,3.655601558183611,1.6923299261439835,0.04553456478747923
Grupo Mateus,Varejo,2025,0.2033395027633871,0.048336287749220205,0.16195699338043093,0.07626855832129531,1.7477461711701219,0.2469066639551013,0.11748946103595374,2.4693530067058385,1.577873723298615,0.05099969933169814
Lojas Renner,Varejo,2015,0.5938759011507847,0.09419354754720678,0.2504820640998124,0.09871516694439143,1.6045740487692135,0.318019237411319,0.32454010841924724,8.923307134798156,1.0480034940282779,0.12561971152109339
Lojas Renner,Varejo,2016,0.5890890569717983,0.09688451414522152,0.23705208897464955,0.09653089350588058,1.4002144117164212,0.3067023196976027,0.28970788910077383,9.44429387280999,0.9963500808931044,0.14170300661326576
Lojas Renner,Varejo,2017,0.5866806908099548,0.09842141072940994,0.22729681216933678,0.09707368828847306,1.6683961584274736,0.3602912181749947,0.2478670867174957,13.083332330537539,0.9863066132567215,0.11358884408954227
Lojas Renner,Varejo,2018,0.6128202544792697,0.12106224843622075,0.257967607634014,0.11564793661705502,1.3713802405214188,0.21845361909463953,0.21806796652733326,26.549955247258893,0.9552766292621919,0.09628850082139279
Lojas Renner,Varejo,2019,0.7038732172928706,0.11462691990362976,0.23362022899221913,0.09320876020365111,1.3959007607797758,0.24076288111078,0.13950695126713752,12.47081942336874,0.8131489556032255,0.16299298832541737
Lojas Renner,Varejo,2020,0.7698963007384725,0.145448164963554,0.1992739555408197,0.07486855290490756,1.5792858003792019,0.3668791430271997,0.231173625582317,2.491782064778034,0.514743880912268,0.08071705863466178
Lojas Renner,Varejo,2021,0.47718613986436814,0.05988825107675729,0.0645596480173956,0.02956811337202039,1.758185086936297,0.690136784802806,0.16192342746363778,4.675393903188563,0.49372143684950276,0.11498780311999482
Lojas Renner,Varejo,2022,0.6924489589701319,0.09733182620298472,0.1280497724166953,0.06107667484424243,1.863339204368404,0.406583238872904,0.11373527275093182,26.825882226304543,0.6275098005134264,0.1157577530847583
Lojas Renner,Varejo,2023,0.5038221773995302,0.07153207805860103,0.09716706739107261,0.047644148513091684,1.6271682028809138,0.33796050558467855,0.094038067531133,18.365564965916132,0.6660529066981712,0.19514899380847486
Lojas Renner,Varejo,2024,0.5180027300499308,0.08289260607551789,0.11108079856670657,0.05876219457401303,1.6105351029093342,0.25185951539818535,0.0464286293021367,20.42597398384533,0.7088954896710418,0.17227375642873005
Lojas Renner,Varejo,2025,0.6357441125597462,0.09207932551078811,0.13939621553781884,0.07426699249929698,1.6942198430869755,0.14243539941986977,0.019355674992192765,21.787983123999805,0.8065544799260697,0.17700900725609087
Magazine Luiza,Varejo,2015,0.1542376979768572,-0.007307095952567196,-0.1139656322525953,-0.011923887050864043,1.1689634205306698,0.21478672121920897,0.33139154788066333,0.6972996883068788,1.6318229743068906,0.05154562816688625
Magazine Luiza,Varejo,2016,0.19527761024194046,0.009103725044682553,0.1392647196043669,0.014189573953800655,1.0673715413190081,0.16314583329929588,0.30304792671416575,1.1530140974776173,1.5586558122258674,0.02815839524563967
Magazine Luiza,Varejo,2017,0.2309686463483322,0.032461105200575754,0.18757295765575027,0.052432282280521644,1.271172929829431,0.09978322238974709,0.11746026996650588,2.1607804859050534,1.6152340456846697,0.001625216429897574
Magazine Luiza,Varejo,2018,0.22891798334928756,0.038320204350819,0.2594277927735454,0.06791481072365323,1.1899922762841095,0.1111767847592268,0.05183362793107129,3.6701562330329027,1.7722977179844217,0.07928985216841804
Magazine Luiza,Varejo,2019,0.3441092389689188,0.04635490445437087,0.12185534393743133,0.04657796977455442,1.6046262289931994,0.03820589516864984,0.042889488609334114,18.300072429806995,1.0048121190801529,-0.16742950300985954
Magazine Luiza,Varejo,2020,0.15213417448121067,0.013425214482323868,0.05347353625871587,0.01589263495740267,1.2521339028461604,0.1253248231887774,0.06843624406388019,2.0087357945894593,1.1837900227461915,0.0892439906580202
Magazine Luiza,Varejo,2021,0.16165496206575458,0.016742969798586377,0.05245083774589119,0.015387961677146907,1.6064433625355234,0.1681973003021723,0.17696860638126483,0.6830108662996672,0.9190700253455707,-0.12371612457002422
Magazine Luiza,Varejo,2022,0.18742273586837524,-0.013377703778776708,-0.04685782801113488,-0.013212335113910467,1.4790161751643724,0.16315359243035343,0.18823243594840788,0.37806101126243424,0.9876384865743107,0.08215024090993105
Magazine Luiza,Varejo,2023,0.1629954230222468,-0.026629134906954385,-0.10187820988927358,-0.026140762209823306,1.161593260435198,0.14897329276147858,0.19636475353254607,-0.21991716202217326,0.9816602116877805,0.09123717378321111
Magazine Luiza,Varejo,2024,0.24215199362911913,0.01179652447122183,0.03964189538151869,0.012026123169744054,1.1699689118550856,0.10934391746531383,0.12280707114612197,1.0592414619727628,1.0194632494581213,0.3816044549265154
Magazine Luiza,Varejo,2025,0.23895192945258253,0.0052864365591569545,0.01814173219968381,0.0053969071585732095,1.1545884976085377,0.09171018307152877,0.13042429355494758,0.9386081160211508,1.0208969876361993,0.3816044549265154
