cnpj,empresa,setor,ano_base,target,variavel,algoritmo,schema_len,n_feats_validos,n_perturbadas,modo,y_base,media_mc,std_mc,cv,p5,p50,p95,largura_ic,p_negativo,n_sim,sigma
02.429.144/0001-93,CPFL Energia,Energia,2026,TARGET_DRE_3.01_DFP,Receita Líquida,GradientBoosting,155,153,155,schema_completo,8348132.252573467,8966864.765130375,1747475.3823093285,0.19488142489945548,6746183.040426612,8879050.327526446,12162873.006602878,5416689.966176266,,500,0.15
02.429.144/0001-93,CPFL Energia,Energia,2026,TARGET_DRE_3.11_DFP,Lucro Líquido,GradientBoosting,158,156,158,schema_completo,755853.8517622777,994497.3770834899,168921.39165232072,0.16985604542035856,777987.5736634647,986838.8283942232,1330306.3735825047,552318.79991904,0.0,500,0.15
02.429.144/0001-93,CPFL Energia,Energia,2026,TARGET_EBITDA_DFP,EBITDA,GradientBoosting,155,153,155,schema_completo,6330330.011586257,9264239.695994793,1741562.4447690384,0.18798762790237042,6496393.306631923,8804008.998590142,12389677.125625731,5893283.818993809,,500,0.15
02.429.144/0001-93,CPFL Energia,Energia,2026,TARGET_BPA_1_DFP,Ativo Total,GradientBoosting,150,149,150,schema_completo,16254661.12963361,23159747.952070214,4746522.555354809,0.20494707305009877,17285007.894760504,21427421.39524889,30609052.737589285,13324044.84282878,,500,0.15
02.429.144/0001-93,CPFL Energia,Energia,2026,TARGET_BPA_1.01_DFP,Ativo Circulante,GradientBoosting,156,154,156,schema_completo,7350580.966007571,9152377.449409936,1715018.0714011318,0.18738498066551015,7211594.901263001,9097114.416323878,11703131.477648392,4491536.576385391,,500,0.15
02.429.144/0001-93,CPFL Energia,Energia,2026,TARGET_BPP_2.01_DFP,Passivo Circulante,GradientBoosting,154,152,154,schema_completo,3243944.801748282,4193390.2291588825,837165.6738473283,0.19963934384786516,3163275.2866923995,3829960.7042905414,5693359.688708602,2530084.402016203,,500,0.15
02.429.144/0001-93,CPFL Energia,Energia,2026,TARGET_BPP_2.03_DFP,Patrimônio Líquido,GradientBoosting,153,152,153,schema_completo,6012260.583517864,7657114.812636057,1175414.7795641385,0.15350622373121858,6225062.665482991,7105652.786683133,9561720.031959912,3336657.3664769204,,500,0.15
02.429.144/0001-93,CPFL Energia,Energia,2026,TARGET_BPP_2_DFP,Passivo Total,GradientBoosting,150,149,150,schema_completo,16254661.12963361,23065463.106744457,4660216.011696613,0.20204302814687222,17225558.761453535,21306995.114970654,29867584.32877427,12642025.567320734,,500,0.15
02.429.144/0001-93,CPFL Energia,Energia,2026,TARGET_DFC_MI_6.01_DFP,FCO,GradientBoosting,154,152,154,schema_completo,1301349.0704003465,1961720.9583432027,694071.6260959329,0.3538075194354452,1121657.3410578289,1828743.7445151731,3419405.477693419,2297748.1366355903,0.0,500,0.15
02.474.103/0001-19,Engie Brasil,Energia,2026,TARGET_DRE_3.01_DFP,Receita Líquida,GradientBoosting,155,153,155,schema_completo,8032961.727804167,8690886.073586378,1822360.9461174684,0.2096864382627275,6506203.767774533,8432297.264871776,12464027.536188079,5957823.7684135465,,500,0.15
02.474.103/0001-19,Engie Brasil,Energia,2026,TARGET_DRE_3.11_DFP,Lucro Líquido,GradientBoosting,158,156,158,schema_completo,793165.1241955304,1027563.2247541246,202694.70783823307,0.19725765087275662,753743.6806228263,1022053.9442945787,1379222.3972630873,625478.716640261,0.0,500,0.15
02.474.103/0001-19,Engie Brasil,Energia,2026,TARGET_EBITDA_DFP,EBITDA,GradientBoosting,155,153,155,schema_completo,6365147.903360089,9276211.511589795,1600155.843183548,0.1725010087560311,6596628.8476660615,8868969.196313195,12125700.183970664,5529071.336304602,,500,0.15
02.474.103/0001-19,Engie Brasil,Energia,2026,TARGET_BPA_1_DFP,Ativo Total,GradientBoosting,150,149,150,schema_completo,17087722.831084356,24081144.684137736,4690716.869333862,0.19478795260192264,18053106.59328626,22486610.568108924,31145011.313330434,13091904.720044173,,500,0.15
02.474.103/0001-19,Engie Brasil,Energia,2026,TARGET_BPA_1.01_DFP,Ativo Circulante,GradientBoosting,156,154,156,schema_completo,7354846.165306477,9018187.447785424,1661215.2939869286,0.18420722607566442,7289690.088198725,7870375.091160836,11643389.03783146,4353698.949632734,,500,0.15
02.474.103/0001-19,Engie Brasil,Energia,2026,TARGET_BPP_2.01_DFP,Passivo Circulante,GradientBoosting,154,152,154,schema_completo,3256219.443991018,4224108.020062949,869985.2153117848,0.20595714200008078,3117897.956238318,3833084.3272237694,5797537.48882969,2679639.5325913723,,500,0.15
02.474.103/0001-19,Engie Brasil,Energia,2026,TARGET_BPP_2.03_DFP,Patrimônio Líquido,GradientBoosting,153,152,153,schema_completo,6038255.503473477,7767912.573525245,1211614.0300448495,0.15597678508564794,6191718.261827968,7864570.649520054,9606308.018478338,3414589.7566503696,,500,0.15
02.474.103/0001-19,Engie Brasil,Energia,2026,TARGET_BPP_2_DFP,Passivo Total,GradientBoosting,150,149,150,schema_completo,17087722.831084356,23824235.324364737,4841199.563530806,0.20320482473491078,17895021.640930705,21969331.154752843,30764723.61273222,12869701.971801516,,500,0.15
02.474.103/0001-19,Engie Brasil,Energia,2026,TARGET_DFC_MI_6.01_DFP,FCO,GradientBoosting,154,152,154,schema_completo,1566407.3827284835,2409745.3080885047,706670.5062043177,0.2932552680286672,1602326.3527683308,2234945.995404814,3903735.189403232,2301408.8366349014,0.0,500,0.15
02.998.611/0001-04,ISA CTEEP,Energia,2026,TARGET_DRE_3.01_DFP,Receita Líquida,GradientBoosting,155,153,155,schema_completo,7793082.80000412,8472111.17298217,1753474.3390575426,0.20697017582222338,6276775.070680692,8150314.852757866,11809202.849842196,5532427.7791615045,,500,0.15
02.998.611/0001-04,ISA CTEEP,Energia,2026,TARGET_DRE_3.11_DFP,Lucro Líquido,GradientBoosting,158,156,158,schema_completo,762799.8457704305,982811.0196490178,248863.21027057036,0.25321573048646173,386513.2733437492,1009815.2405718559,1356769.0197140179,970255.7463702686,0.0,500,0.15
02.998.611/0001-04,ISA CTEEP,Energia,2026,TARGET_EBITDA_DFP,EBITDA,GradientBoosting,155,153,155,schema_completo,6020746.89164869,8901861.560037987,1585789.1242966042,0.17814129253767422,6321605.363545897,8536023.10585656,11834663.696097534,5513058.332551637,,500,0.15
02.998.611/0001-04,ISA CTEEP,Energia,2026,TARGET_BPA_1_DFP,Ativo Total,GradientBoosting,150,149,150,schema_completo,15713745.336497314,22724328.332951836,4856469.427289697,0.2137123419506082,17064703.418326087,20711204.509797506,30111878.804789003,13047175.386462916,,500,0.15
02.998.611/0001-04,ISA CTEEP,Energia,2026,TARGET_BPA_1.01_DFP,Ativo Circulante,GradientBoosting,156,154,156,schema_completo,7576376.888923968,9355057.68395665,1772377.6307640702,0.18945662235772093,7422920.017798577,8175774.936189322,11996871.23495038,4573951.217151803,,500,0.15
02.998.611/0001-04,ISA CTEEP,Energia,2026,TARGET_BPP_2.01_DFP,Passivo Circulante,GradientBoosting,154,152,154,schema_completo,2670678.3635202227,3776729.0222267085,810853.1509351427,0.21469720124560976,2719968.4505342674,3533247.6453724857,5234215.786167134,2514247.3356328662,,500,0.15
02.998.611/0001-04,ISA CTEEP,Energia,2026,TARGET_BPP_2.03_DFP,Patrimônio Líquido,GradientBoosting,153,152,153,schema_completo,6104111.188965446,7754564.537609521,1235542.5377678762,0.15933100198928174,6239842.617300917,7276473.675568385,9712357.762348808,3472515.145047891,,500,0.15
02.998.611/0001-04,ISA CTEEP,Energia,2026,TARGET_BPP_2_DFP,Passivo Total,GradientBoosting,150,149,150,schema_completo,15713745.336497314,22738728.8487692,4897446.017837207,0.21537905880355734,16956294.520421125,20535373.020462945,29970466.86344277,13014172.343021646,,500,0.15
02.998.611/0001-04,ISA CTEEP,Energia,2026,TARGET_DFC_MI_6.01_DFP,FCO,GradientBoosting,154,152,154,schema_completo,46320.05893796751,126827.53777315024,134972.71243347158,1.064222445719085,46461.829449024284,82677.80545447566,316424.68772923935,269962.85828021506,0.0,500,0.15
03.220.438/0001-73,Equatorial Energia,Energia,2026,TARGET_DRE_3.01_DFP,Receita Líquida,GradientBoosting,155,153,155,schema_completo,8579685.441339707,9173768.623098275,1799568.061104902,0.19616453554037103,6871943.495040099,8921404.96796583,12610287.088535426,5738343.593495327,,500,0.15
03.220.438/0001-73,Equatorial Energia,Energia,2026,TARGET_DRE_3.11_DFP,Lucro Líquido,GradientBoosting,158,156,158,schema_completo,672149.4291658786,994466.6116312403,357934.2813308447,0.3599258910701075,271399.3092537276,1031329.3277747931,1548099.170016209,1276699.8607624813,0.0,500,0.15
03.220.438/0001-73,Equatorial Energia,Energia,2026,TARGET_EBITDA_DFP,EBITDA,GradientBoosting,155,153,155,schema_completo,6355037.742350423,9280964.078130553,1691474.5103689202,0.18225202641982757,6543917.900891862,9156506.107270077,12396635.777729867,5852717.876838005,,500,0.15
03.220.438/0001-73,Equatorial Energia,Energia,2026,TARGET_BPA_1_DFP,Ativo Total,GradientBoosting,150,149,150,schema_completo,15802925.26241231,22559410.37517044,4801065.248150765,0.2128187380923289,16903278.90760482,20305566.954685062,29952036.489938386,13048757.582333565,,500,0.15
03.220.438/0001-73,Equatorial Energia,Energia,2026,TARGET_BPA_1.01_DFP,Ativo Circulante,GradientBoosting,156,154,156,schema_completo,7535792.342616592,9300450.647693194,1749107.9863720313,0.1880670144522368,7375634.615203781,8773413.198191859,11905030.5480637,4529395.932859918,,500,0.15
03.220.438/0001-73,Equatorial Energia,Energia,2026,TARGET_BPP_2.01_DFP,Passivo Circulante,GradientBoosting,154,152,154,schema_completo,3009269.421390369,4024018.2972635347,867917.7941366428,0.21568435579103992,2952055.942089099,3673349.997411989,5628442.015537614,2676386.073448515,,500,0.15
03.220.438/0001-73,Equatorial Energia,Energia,2026,TARGET_BPP_2.03_DFP,Patrimônio Líquido,GradientBoosting,153,152,153,schema_completo,5985649.064713857,7710113.260584906,1214206.3916119775,0.15748230286306653,6154813.659711849,7704075.2669509,9620780.930886924,3465967.2711750753,,500,0.15
03.220.438/0001-73,Equatorial Energia,Energia,2026,TARGET_BPP_2_DFP,Passivo Total,GradientBoosting,150,149,150,schema_completo,15802925.26241231,22630780.262797747,4921475.915906909,0.2174682383354328,16760565.998858737,20212203.025876045,30312055.168056186,13551489.16919745,,500,0.15
03.220.438/0001-73,Equatorial Energia,Energia,2026,TARGET_DFC_MI_6.01_DFP,FCO,GradientBoosting,154,152,154,schema_completo,650014.0377260556,1222748.4087814256,691002.2750111734,0.5651222034300719,263523.87282575923,1172214.0121212478,2418080.8627835154,2154556.9899577564,0.0,500,0.15
07.859.971/0001-30,Taesa,Energia,2026,TARGET_DRE_3.01_DFP,Receita Líquida,GradientBoosting,155,153,155,schema_completo,7904226.581618351,8430336.611719191,1672133.778240887,0.19834721378935427,6230907.439843224,8244419.725799317,11689357.741822274,5458450.30197905,,500,0.15
07.859.971/0001-30,Taesa,Energia,2026,TARGET_DRE_3.11_DFP,Lucro Líquido,GradientBoosting,158,156,158,schema_completo,755853.8517622777,985581.954462656,183852.69935117898,0.1865422743575052,712331.8189945734,990974.0569032398,1306665.2975503749,594333.4785558014,0.0,500,0.15
07.859.971/0001-30,Taesa,Energia,2026,TARGET_EBITDA_DFP,EBITDA,GradientBoosting,155,153,155,schema_completo,6355854.694235875,9205263.368712222,1641329.967360205,0.17830342290248022,6531202.233311386,9028577.296836948,12230881.500874732,5699679.267563346,,500,0.15
07.859.971/0001-30,Taesa,Energia,2026,TARGET_BPA_1_DFP,Ativo Total,GradientBoosting,150,149,150,schema_completo,16320394.9570099,23454118.37357369,4731916.375356202,0.20175204627123244,17542974.232462503,22123056.597640842,30439332.313496,12896358.081033498,,500,0.15
07.859.971/0001-30,Taesa,Energia,2026,TARGET_BPA_1.01_DFP,Ativo Circulante,GradientBoosting,156,154,156,schema_completo,7043571.414112681,8761783.60146203,1670845.5754638077,0.19069696895789606,6856158.165795316,7629234.612668404,11312627.204536421,4456469.038741105,,500,0.15
07.859.971/0001-30,Taesa,Energia,2026,TARGET_BPP_2.01_DFP,Passivo Circulante,GradientBoosting,154,152,154,schema_completo,3094854.5460036146,4004007.167777854,820397.0679020887,0.20489400581103184,2943577.1973862653,3719030.7667190535,5417845.855821924,2474268.658435659,,500,0.15
07.859.971/0001-30,Taesa,Energia,2026,TARGET_BPP_2.03_DFP,Patrimônio Líquido,GradientBoosting,153,152,153,schema_completo,6167899.149945936,7683212.937019114,1189518.7414696028,0.15482048346444827,6209825.026933563,7136268.605489018,9612196.705595367,3402371.6786618037,,500,0.15
07.859.971/0001-30,Taesa,Energia,2026,TARGET_BPP_2_DFP,Passivo Total,GradientBoosting,150,149,150,schema_completo,16320394.9570099,23234001.060923427,4666024.754646657,0.20082743141878842,17173421.69512435,21551642.0710254,30055137.147290573,12881715.452166222,,500,0.15
07.859.971/0001-30,Taesa,Energia,2026,TARGET_DFC_MI_6.01_DFP,FCO,GradientBoosting,154,152,154,schema_completo,1287829.6915248258,1973552.1078242874,646583.6047982094,0.32762428832498663,1119045.3437886382,1870725.941961396,3228991.74720462,2109946.4034159817,0.0,500,0.15
10.629.105/0001-68,Prio,Petróleo,2026,TARGET_DRE_3.01_DFP,Receita Líquida,GradientBoosting,155,153,155,schema_completo,8058759.571382149,8696552.051947163,1718495.2477990233,0.19760650399536805,6491094.851523044,8383765.682262579,12026948.730578607,5535853.879055563,,500,0.15
10.629.105/0001-68,Prio,Petróleo,2026,TARGET_DRE_3.11_DFP,Lucro Líquido,GradientBoosting,158,156,158,schema_completo,755853.8517622777,1019856.1480590126,178113.45312320412,0.17464566298118528,767788.2445807531,1010563.0259318696,1352481.2839182592,584693.039337506,0.0,500,0.15
10.629.105/0001-68,Prio,Petróleo,2026,TARGET_EBITDA_DFP,EBITDA,GradientBoosting,155,153,155,schema_completo,6330330.011586257,9131086.547610179,1564855.9746821665,0.17137675418176015,6571664.721168694,8795993.344461566,12145585.714671087,5573920.993502392,,500,0.15
10.629.105/0001-68,Prio,Petróleo,2026,TARGET_BPA_1_DFP,Ativo Total,GradientBoosting,150,149,150,schema_completo,16274276.774350252,23152347.07623996,4642260.687105421,0.20050929056214478,17683925.477419287,21121737.11897526,30127867.133061964,12443941.655642677,,500,0.15
10.629.105/0001-68,Prio,Petróleo,2026,TARGET_BPA_1.01_DFP,Ativo Circulante,GradientBoosting,156,154,156,schema_completo,7350580.966007571,8973477.764081443,1682497.3039465712,0.18749668168579872,7154320.446549507,7840305.940129271,11570440.135623159,4416119.689073652,,500,0.15
10.629.105/0001-68,Prio,Petróleo,2026,TARGET_BPP_2.01_DFP,Passivo Circulante,GradientBoosting,154,152,154,schema_completo,3187359.474650862,4096350.8346393257,807527.0602916778,0.19713327614986345,3107698.849737817,3739030.0346796433,5582686.069755535,2474987.2200177177,,500,0.15
10.629.105/0001-68,Prio,Petróleo,2026,TARGET_BPP_2.03_DFP,Patrimônio Líquido,GradientBoosting,153,152,153,schema_completo,6069749.020152056,7773846.261831444,1190867.566950169,0.15318897838219042,6241198.108766637,7500472.043014745,9695319.555765484,3454121.4469988467,,500,0.15
10.629.105/0001-68,Prio,Petróleo,2026,TARGET_BPP_2_DFP,Passivo Total,GradientBoosting,150,149,150,schema_completo,16274276.774350252,22722743.878879163,4625470.938357051,0.2035612848084089,17221677.18005044,20729433.44662223,29651053.159340523,12429375.979290083,,500,0.15
10.629.105/0001-68,Prio,Petróleo,2026,TARGET_DFC_MI_6.01_DFP,FCO,GradientBoosting,154,152,154,schema_completo,1300635.4184799334,1975820.551262351,592751.2857918118,0.3000025915375276,1244416.23834334,1872709.8786599012,3125550.62096161,1881134.38261827,0.0,500,0.15
16.404.287/0001-55,Suzano,Commodities,2026,TARGET_DRE_3.01_DFP,Receita Líquida,GradientBoosting,155,153,155,schema_completo,8721613.034144161,9157115.065621683,1888119.2175075084,0.2061914919684721,6741297.026145842,8955122.806417212,12448999.926211655,5707702.900065813,,500,0.15
16.404.287/0001-55,Suzano,Commodities,2026,TARGET_DRE_3.11_DFP,Lucro Líquido,GradientBoosting,158,156,158,schema_completo,476407.0168891377,634754.138384372,167701.45389937158,0.2641990713541766,361956.6515997428,634834.3955323864,918839.6639570852,556883.0123573424,0.0,500,0.15
16.404.287/0001-55,Suzano,Commodities,2026,TARGET_EBITDA_DFP,EBITDA,GradientBoosting,155,153,155,schema_completo,6006879.95078877,8873664.781831898,1612321.8477704446,0.18169740320499164,6317073.86480207,8456732.340421068,11890822.643406395,5573748.778604325,,500,0.15
16.404.287/0001-55,Suzano,Commodities,2026,TARGET_BPA_1_DFP,Ativo Total,GradientBoosting,150,149,150,schema_completo,17098094.319765907,23724045.266643997,4762321.457912754,0.20073817109970604,18062867.57603861,21854212.254017487,31237342.635495167,13174475.059456557,,500,0.15
16.404.287/0001-55,Suzano,Commodities,2026,TARGET_BPA_1.01_DFP,Ativo Circulante,GradientBoosting,156,154,156,schema_completo,7717556.655182819,9781077.537146086,1981705.885137348,0.2026060909558609,7467582.037335351,10254280.701250337,12637652.228864977,5170070.191529626,,500,0.15
16.404.287/0001-55,Suzano,Commodities,2026,TARGET_BPP_2.01_DFP,Passivo Circulante,GradientBoosting,154,152,154,schema_completo,3114205.4380764947,4151430.948409626,829598.5065245535,0.1998343503322306,3089521.853774083,3827441.921013482,5684238.784351811,2594716.930577728,,500,0.15
16.404.287/0001-55,Suzano,Commodities,2026,TARGET_BPP_2.03_DFP,Patrimônio Líquido,GradientBoosting,153,152,153,schema_completo,6067151.061225188,7652467.806656483,1225329.911897413,0.16012219101811345,6154185.367290184,7098779.219839901,9606027.251641402,3451841.884351218,,500,0.15
16.404.287/0001-55,Suzano,Commodities,2026,TARGET_BPP_2_DFP,Passivo Total,GradientBoosting,150,149,150,schema_completo,17098094.319765907,23968303.276277635,4909682.195598663,0.204840623844157,17756709.683050226,22852177.17295996,31145391.3379275,13388681.654877275,,500,0.15
16.404.287/0001-55,Suzano,Commodities,2026,TARGET_DFC_MI_6.01_DFP,FCO,GradientBoosting,154,152,154,schema_completo,1182546.4015060249,1692334.059814507,708281.8673967035,0.4185236734373453,458035.37817917735,1657229.446457225,2888764.465436858,2430729.087257681,0.0,500,0.15
16.590.234/0001-76,Arezzo,Varejo,2026,TARGET_DRE_3.01_DFP,Receita Líquida,GradientBoosting,155,153,155,schema_completo,8332918.349792996,9046461.419902673,1849754.086426883,0.20447266622475507,6768289.694822552,8755230.74030893,12991080.577523792,6222790.8827012405,,500,0.15
16.590.234/0001-76,Arezzo,Varejo,2026,TARGET_DRE_3.11_DFP,Lucro Líquido,GradientBoosting,158,156,158,schema_completo,217630.3823763801,271228.4603050915,129183.3575878621,0.47628983124613883,18040.171412899424,246723.12837628974,534580.1574922738,516539.9860793744,0.0,500,0.15
16.590.234/0001-76,Arezzo,Varejo,2026,TARGET_EBITDA_DFP,EBITDA,GradientBoosting,155,153,155,schema_completo,6362634.771141544,9252232.443646278,1628654.642460538,0.17602828856499092,6488930.81313452,8979360.372033756,12130979.709794378,5642048.896659858,,500,0.15
16.590.234/0001-76,Arezzo,Varejo,2026,TARGET_BPA_1_DFP,Ativo Total,GradientBoosting,150,149,150,schema_completo,16223810.414766792,23175908.302814476,4715320.895686932,0.20345786814811934,17226652.638492133,21522530.370251916,30099344.42599221,12872691.787500076,,500,0.15
16.590.234/0001-76,Arezzo,Varejo,2026,TARGET_BPA_1.01_DFP,Ativo Circulante,GradientBoosting,156,154,156,schema_completo,6437086.069606895,7798809.820171929,1970235.474009117,0.25263284006657344,4112742.468052865,7400723.451171512,10640137.706887843,6527395.238834978,,500,0.15
16.590.234/0001-76,Arezzo,Varejo,2026,TARGET_BPP_2.01_DFP,Passivo Circulante,GradientBoosting,154,152,154,schema_completo,2948036.4761679927,3981871.842053559,868019.9891758825,0.21799294995095098,2903542.3383068177,3631486.268245572,5486032.97160045,2582490.633293632,,500,0.15
16.590.234/0001-76,Arezzo,Varejo,2026,TARGET_BPP_2.03_DFP,Patrimônio Líquido,GradientBoosting,153,152,153,schema_completo,6067867.272088074,7833063.668564395,1260106.2509896294,0.1608701657879637,6184530.419853419,7975772.269469862,9802613.08816823,3618082.668314811,,500,0.15
16.590.234/0001-76,Arezzo,Varejo,2026,TARGET_BPP_2_DFP,Passivo Total,GradientBoosting,150,149,150,schema_completo,16223810.414766792,23532509.076044973,4663314.207723611,0.198164768263944,17192440.348724503,22788334.00680622,30146088.32548248,12953647.976757977,,500,0.15
16.590.234/0001-76,Arezzo,Varejo,2026,TARGET_DFC_MI_6.01_DFP,FCO,GradientBoosting,154,152,154,schema_completo,785241.5434212915,1233038.163281485,446581.4827758483,0.3621797735662624,792066.54400086,1118003.9515692738,2031971.3925195357,1239904.8485186757,0.0,500,0.15
19.796.586/0001-70,Brisanet,Tecnologia,2024,TARGET_DRE_3.01_DFP,Receita Líquida,GradientBoosting,155,153,155,schema_completo,8250056.010898345,8730537.958216492,1769331.3173934026,0.2026600566724812,6514453.053053725,8450952.533901822,12173821.119298259,5659368.066244534,,500,0.15
19.796.586/0001-70,Brisanet,Tecnologia,2024,TARGET_DRE_3.11_DFP,Lucro Líquido,GradientBoosting,158,156,158,schema_completo,481192.0815923286,632899.596308101,153173.41740450135,0.24201851019973666,297630.79822671774,637995.6713096013,872316.3078306179,574685.5096039001,0.0,500,0.15
19.796.586/0001-70,Brisanet,Tecnologia,2024,TARGET_EBITDA_DFP,EBITDA,GradientBoosting,155,153,155,schema_completo,6355037.742350423,9191571.084711207,1692110.2890792165,0.18409369557004102,6518166.180820977,8759677.601694275,12398309.957016775,5880143.776195798,,500,0.15
19.796.586/0001-70,Brisanet,Tecnologia,2024,TARGET_BPA_1_DFP,Ativo Total,GradientBoosting,150,149,150,schema_completo,15556545.23916312,22636899.350413997,4564279.475913647,0.2016300644915918,17101036.592167564,20809350.338973302,29519143.112383127,12418106.520215563,,500,0.15
19.796.586/0001-70,Brisanet,Tecnologia,2024,TARGET_BPA_1.01_DFP,Ativo Circulante,GradientBoosting,156,154,156,schema_completo,6454587.276313022,8404783.98593898,1639338.6243155438,0.19504827572702899,6545613.727273473,7835986.855998388,10827530.856761536,4281917.129488063,,500,0.15
19.796.586/0001-70,Brisanet,Tecnologia,2024,TARGET_BPP_2.01_DFP,Passivo Circulante,GradientBoosting,154,152,154,schema_completo,2940714.891944562,4058437.8169609183,870283.8667755679,0.2144381424642014,3014933.2681050007,3755108.618157491,5579088.456662579,2564155.1885575787,,500,0.15
19.796.586/0001-70,Brisanet,Tecnologia,2024,TARGET_BPP_2.03_DFP,Patrimônio Líquido,GradientBoosting,153,152,153,schema_completo,5892758.5988632245,7502274.028697445,1184408.4962554474,0.1578732650560201,6004115.834158623,7032916.24024244,9310036.831907576,3305920.9977489533,,500,0.15
19.796.586/0001-70,Brisanet,Tecnologia,2024,TARGET_BPP_2_DFP,Passivo Total,GradientBoosting,150,149,150,schema_completo,15556545.23916312,22654243.91495614,4594670.328513297,0.20281720042221027,16891478.757784296,20908830.64215076,29559701.38530899,12668222.627524693,,500,0.15
19.796.586/0001-70,Brisanet,Tecnologia,2024,TARGET_DFC_MI_6.01_DFP,FCO,GradientBoosting,154,152,154,schema_completo,1230817.6658684649,1916590.4485185114,619653.1180294452,0.3233101357196189,1196262.0214917865,1773579.8826666628,3220423.204429889,2024161.1829381026,0.0,500,0.15
24.990.777/0001-09,Grupo Mateus,Varejo,2026,TARGET_DRE_3.01_DFP,Receita Líquida,GradientBoosting,155,153,155,schema_completo,9540054.303254684,10291993.765876256,2077985.4134908735,0.20190309679165985,7610402.1904620025,10064916.359988455,14370066.78309073,6759664.592628727,,500,0.15
24.990.777/0001-09,Grupo Mateus,Varejo,2026,TARGET_DRE_3.11_DFP,Lucro Líquido,GradientBoosting,158,156,158,schema_completo,421913.2959783747,486716.9525976662,270585.7255298386,0.5559406223384874,47557.21837731051,414561.38061425113,1023797.6286458396,976240.4102685291,0.0,500,0.15
24.990.777/0001-09,Grupo Mateus,Varejo,2026,TARGET_EBITDA_DFP,EBITDA,GradientBoosting,155,153,155,schema_completo,6345299.579316301,9274410.156598652,1707681.802148102,0.18412834598792283,6534443.825431018,8892539.378209759,12443623.447771834,5909179.622340816,,500,0.15
24.990.777/0001-09,Grupo Mateus,Varejo,2026,TARGET_BPA_1_DFP,Ativo Total,GradientBoosting,150,149,150,schema_completo,16164793.850795388,22873289.10607408,4702078.871208957,0.20557073577845456,17355101.47393888,20651127.910382308,30065623.0989001,12710521.62496122,,500,0.15
24.990.777/0001-09,Grupo Mateus,Varejo,2026,TARGET_BPA_1.01_DFP,Ativo Circulante,GradientBoosting,156,154,156,schema_completo,6953577.673317461,8725966.616288062,1701288.4917571403,0.1949684850480039,6753631.170930721,7929156.725030148,11319817.472162984,4566186.301232263,,500,0.15
24.990.777/0001-09,Grupo Mateus,Varejo,2026,TARGET_BPP_2.01_DFP,Passivo Circulante,GradientBoosting,154,152,154,schema_completo,3311917.9885496325,4342194.087418023,906665.564400411,0.20880355556366598,3262609.576527097,3967147.858068465,5963673.674712755,2701064.098185658,,500,0.15
24.990.777/0001-09,Grupo Mateus,Varejo,2026,TARGET_BPP_2.03_DFP,Patrimônio Líquido,GradientBoosting,153,152,153,schema_completo,6028795.360297004,7711917.63966398,1207727.9694304962,0.15660540294399705,6148233.534860573,7686873.632332362,9629561.821523283,3481328.28666271,,500,0.15
24.990.777/0001-09,Grupo Mateus,Varejo,2026,TARGET_BPP_2_DFP,Passivo Total,GradientBoosting,150,149,150,schema_completo,16164793.850795388,23003283.084677227,4716134.18085971,0.2050200470732452,17298733.866691884,21215492.217839412,29994721.58832704,12695987.721635155,,500,0.15
24.990.777/0001-09,Grupo Mateus,Varejo,2026,TARGET_DFC_MI_6.01_DFP,FCO,GradientBoosting,154,152,154,schema_completo,1642649.0585189187,1923547.867318,840389.7114744298,0.4368956581497418,590595.0528534319,1903361.9598827334,3462261.7795534525,2871666.7267000205,0.0,500,0.15
33.000.167/0001-01,Petrobras,Petróleo,2026,TARGET_DRE_3.01_DFP,Receita Líquida,GradientBoosting,155,153,155,schema_completo,8064569.483831208,8821581.471202213,1817116.5122127486,0.2059853460680118,6543506.006805655,8549256.427862763,12426634.507328855,5883128.5005232,,500,0.15
33.000.167/0001-01,Petrobras,Petróleo,2026,TARGET_DRE_3.11_DFP,Lucro Líquido,GradientBoosting,158,156,158,schema_completo,772354.6824958711,1036167.2677857778,178807.4649109904,0.17256621635335997,786902.2568979128,1033609.5388167843,1386816.0171206128,599913.7602227,0.0,500,0.15
33.000.167/0001-01,Petrobras,Petróleo,2026,TARGET_EBITDA_DFP,EBITDA,GradientBoosting,155,153,155,schema_completo,6340400.865339692,9409636.328058284,1774574.1601219266,0.18859115254331163,6560197.254411139,8941950.062152654,12696389.727406375,6136192.4729952365,,500,0.15
33.000.167/0001-01,Petrobras,Petróleo,2026,TARGET_BPA_1_DFP,Ativo Total,GradientBoosting,150,149,150,schema_completo,17014889.159395408,23884132.56287908,4739147.962350497,0.19842244426812972,17669484.782827552,22828996.950285718,30355786.5847253,12686301.80189775,,500,0.15
33.000.167/0001-01,Petrobras,Petróleo,2026,TARGET_BPA_1.01_DFP,Ativo Circulante,GradientBoosting,156,154,156,schema_completo,12741409.358636389,13605359.432507392,1943079.713102453,0.1428172274860918,10145556.197919149,13201122.529928992,16703576.907021381,6558020.709102232,,500,0.15
33.000.167/0001-01,Petrobras,Petróleo,2026,TARGET_BPP_2.01_DFP,Passivo Circulante,GradientBoosting,154,152,154,schema_completo,3241152.929681086,4202408.764912489,858066.9915356792,0.2041845616495014,3164385.7679981613,3782696.036847252,5784314.218914976,2619928.450916815,,500,0.15
33.000.167/0001-01,Petrobras,Petróleo,2026,TARGET_BPP_2.03_DFP,Patrimônio Líquido,GradientBoosting,153,152,153,schema_completo,6018595.047309429,7677339.626543908,1183143.4554179225,0.15410852104644165,6170112.953625041,7668094.956514722,9469193.831321051,3299080.8776960103,,500,0.15
33.000.167/0001-01,Petrobras,Petróleo,2026,TARGET_BPP_2_DFP,Passivo Total,GradientBoosting,150,149,150,schema_completo,17014889.159395408,24027509.00117131,4978608.89201065,0.20720453758930854,17529965.981136754,22740950.21291535,31967645.009726103,14437679.02858935,,500,0.15
33.000.167/0001-01,Petrobras,Petróleo,2026,TARGET_DFC_MI_6.01_DFP,FCO,GradientBoosting,154,152,154,schema_completo,1439274.849057523,2235282.0776058426,734493.8578508418,0.32859112736122353,1418684.1997823191,2034083.4852599683,3851520.50413756,2432836.3043552404,0.0,500,0.15
33.042.730/0001-04,CSN Mineração,Commodities,2026,TARGET_DRE_3.01_DFP,Receita Líquida,GradientBoosting,155,153,155,schema_completo,9272630.165331246,9587968.31488578,1852105.2833253946,0.1931697334095183,7097799.5213818755,9504256.233628122,13127141.982910344,6029342.461528469,,500,0.15
33.042.730/0001-04,CSN Mineração,Commodities,2026,TARGET_DRE_3.11_DFP,Lucro Líquido,GradientBoosting,158,156,158,schema_completo,856.6354548063166,887.0196467146998,506.52495301461084,0.5710414136717865,298.98479995108244,785.95985870656,1921.5218076007552,1622.537007649673,0.0,500,0.15
33.042.730/0001-04,CSN Mineração,Commodities,2026,TARGET_EBITDA_DFP,EBITDA,GradientBoosting,155,153,155,schema_completo,6345299.579316301,9243170.860420058,1684035.7614534998,0.18219243016102468,6528551.757533772,8810649.93373138,12345397.127922306,5816845.370388534,,500,0.15
33.042.730/0001-04,CSN Mineração,Commodities,2026,TARGET_BPA_1_DFP,Ativo Total,GradientBoosting,150,149,150,schema_completo,15875010.929076033,22951364.708601546,4779227.209814341,0.20823281188256387,17250030.16606096,20918491.93897222,29984896.89507598,12734866.729015019,,500,0.15
33.042.730/0001-04,CSN Mineração,Commodities,2026,TARGET_BPA_1.01_DFP,Ativo Circulante,GradientBoosting,156,154,156,schema_completo,7601537.995722702,9339844.080194455,1710974.2946186343,0.18319088412266213,7459332.241718509,8441855.470119901,11912867.681189913,4453535.439471404,,500,0.15
33.042.730/0001-04,CSN Mineração,Commodities,2026,TARGET_BPP_2.01_DFP,Passivo Circulante,GradientBoosting,154,152,154,schema_completo,2966067.6130855884,4030813.4361577253,899920.0748970826,0.22326016551014316,2881362.196784638,3607907.44191841,5623276.462101023,2741914.265316385,,500,0.15
33.042.730/0001-04,CSN Mineração,Commodities,2026,TARGET_BPP_2.03_DFP,Patrimônio Líquido,GradientBoosting,153,152,153,schema_completo,5859467.109963012,7550803.834441502,1139580.2759131745,0.1509217165350269,6190814.356135293,7268745.613929983,9333312.507784355,3142498.1516490625,,500,0.15
33.042.730/0001-04,CSN Mineração,Commodities,2026,TARGET_BPP_2_DFP,Passivo Total,GradientBoosting,150,149,150,schema_completo,15875010.929076033,22873276.92747644,4800623.288399426,0.20987912241960816,16967534.356953554,20747014.480660167,30130371.91831074,13162837.561357185,,500,0.15
33.042.730/0001-04,CSN Mineração,Commodities,2026,TARGET_DFC_MI_6.01_DFP,FCO,GradientBoosting,154,152,154,schema_completo,10101.271150211445,31343.162823943472,56982.387888970574,1.8180165227435485,3116.4671863461467,14031.202963327101,128729.20986710594,125612.7426807598,0.0,500,0.15
33.256.439/0001-39,Ultrapar,Petróleo,2026,TARGET_DRE_3.01_DFP,Receita Líquida,GradientBoosting,155,153,155,schema_completo,20815842.02820911,17470122.318723977,3635303.925788567,0.20808691888163555,11872340.957292933,17777951.56154286,22700577.525888857,10828236.568595923,,500,0.15
33.256.439/0001-39,Ultrapar,Petróleo,2026,TARGET_DRE_3.11_DFP,Lucro Líquido,GradientBoosting,158,156,158,schema_completo,604601.2929786436,824592.0406102872,140311.58150958878,0.17015878713277785,623838.1039307386,817897.8208359813,1077643.6177181948,453805.5137874562,0.0,500,0.15
33.256.439/0001-39,Ultrapar,Petróleo,2026,TARGET_EBITDA_DFP,EBITDA,GradientBoosting,155,153,155,schema_completo,6390530.784709916,9313799.013821099,1676913.7572875826,0.18004616105620777,6567170.104974082,9397115.37972435,12403561.594415529,5836391.489441447,,500,0.15
33.256.439/0001-39,Ultrapar,Petróleo,2026,TARGET_BPA_1_DFP,Ativo Total,GradientBoosting,150,149,150,schema_completo,16067494.800339876,22951238.168958113,4698329.563178333,0.20470919819623906,16892688.776374795,21202875.18776951,29708410.93664624,12815722.160271447,,500,0.15
33.256.439/0001-39,Ultrapar,Petróleo,2026,TARGET_BPA_1.01_DFP,Ativo Circulante,GradientBoosting,156,154,156,schema_completo,8154219.721541004,9766026.581110103,1580420.6888425085,0.16182842384429208,8025486.35609168,8766258.727112895,11979713.365095269,3954227.009003589,,500,0.15
33.256.439/0001-39,Ultrapar,Petróleo,2026,TARGET_BPP_2.01_DFP,Passivo Circulante,GradientBoosting,154,152,154,schema_completo,3065844.6242218073,4132959.928669538,864404.3975749185,0.20914899067341872,3119005.2873699106,3782736.3496073843,5734726.34341873,2615721.05604882,,500,0.15
33.256.439/0001-39,Ultrapar,Petróleo,2026,TARGET_BPP_2.03_DFP,Patrimônio Líquido,GradientBoosting,153,152,153,schema_completo,5947340.226869598,7610343.908531957,1200173.6260953057,0.1577029422743683,6164614.842447433,7055288.955539052,9517210.723717708,3352595.8812702755,,500,0.15
33.256.439/0001-39,Ultrapar,Petróleo,2026,TARGET_BPP_2_DFP,Passivo Total,GradientBoosting,150,149,150,schema_completo,16067494.800339876,22924049.38324359,4662209.903841861,0.20337636801854556,17153492.811679002,21099838.83219748,30173610.475493457,13020117.663814455,,500,0.15
33.256.439/0001-39,Ultrapar,Petróleo,2026,TARGET_DFC_MI_6.01_DFP,FCO,GradientBoosting,154,152,154,schema_completo,1026224.0343031196,1508649.6170923917,480391.96804026305,0.31842514166153346,930769.4179370739,1410359.3075138028,2392167.039828223,1461397.6218911493,0.0,500,0.15
33.453.598/0001-23,Raízen,Petróleo,2025,TARGET_DRE_3.01_DFP,Receita Líquida,GradientBoosting,155,153,155,schema_completo,21532521.611230597,17336921.096467167,3739103.824957782,0.215672887022582,11639510.678664215,17316535.785148278,22950244.491410386,11310733.81274617,,500,0.15
33.453.598/0001-23,Raízen,Petróleo,2025,TARGET_DRE_3.11_DFP,Lucro Líquido,GradientBoosting,158,156,158,schema_completo,1667.6275682149678,1824.9716656005435,637.4132454632137,0.34927295446719175,714.2742647637405,1810.3426229333709,2889.3266873821863,2175.0524226184457,0.0,500,0.15
33.453.598/0001-23,Raízen,Petróleo,2025,TARGET_EBITDA_DFP,EBITDA,GradientBoosting,155,153,155,schema_completo,6696742.234014676,9690653.062343106,1782493.4945332517,0.1839394603300618,6773175.981667047,9644018.22946859,12873900.103841068,6100724.122174021,,500,0.15
33.453.598/0001-23,Raízen,Petróleo,2025,TARGET_BPA_1_DFP,Ativo Total,GradientBoosting,150,149,150,schema_completo,16262171.558744157,23602350.582654938,4827819.1552146375,0.20454823507123648,17473447.372697305,23054783.827233374,30604066.25259117,13130618.879893865,,500,0.15
33.453.598/0001-23,Raízen,Petróleo,2025,TARGET_BPA_1.01_DFP,Ativo Circulante,GradientBoosting,156,154,156,schema_completo,14285722.366148205,14770520.138116714,1903844.1899773763,0.12889486437680198,11354940.105185112,14598525.952753667,17492767.54436602,6137827.439180909,,500,0.15
33.453.598/0001-23,Raízen,Petróleo,2025,TARGET_BPP_2.01_DFP,Passivo Circulante,GradientBoosting,154,152,154,schema_completo,3092164.067446743,4165191.48765982,896168.0119042809,0.2151564975006193,2924287.337188273,3852819.9490332166,5735543.741057525,2811256.403869252,,500,0.15
33.453.598/0001-23,Raízen,Petróleo,2025,TARGET_BPP_2.03_DFP,Patrimônio Líquido,GradientBoosting,153,152,153,schema_completo,5263967.228171367,6983909.697853132,1242546.9683136565,0.1779156693127945,5523264.524441418,6617332.70417041,9122145.025293205,3598880.5008517867,,500,0.15
33.453.598/0001-23,Raízen,Petróleo,2025,TARGET_BPP_2_DFP,Passivo Total,GradientBoosting,150,149,150,schema_completo,16262171.558744157,22773200.654790632,4564094.868154622,0.20041516945025933,17126796.644713063,21100688.31244852,29762757.716000877,12635961.071287815,,500,0.15
33.453.598/0001-23,Raízen,Petróleo,2025,TARGET_DFC_MI_6.01_DFP,FCO,GradientBoosting,154,152,154,schema_completo,1279.1392579593498,4288.15267778805,8424.333364714697,1.9645600326572807,546.4736028488898,1937.1741196813564,15282.625897907006,14736.152295058117,0.0,500,0.15
33.592.510/0001-54,Vale,Commodities,2026,TARGET_DRE_3.01_DFP,Receita Líquida,GradientBoosting,155,153,155,schema_completo,8183341.918484597,9010068.750364201,1718928.5003615932,0.19077862200464468,6660455.468098249,8852909.9944002,12397377.436654914,5736921.968556665,,500,0.15
33.592.510/0001-54,Vale,Commodities,2026,TARGET_DRE_3.11_DFP,Lucro Líquido,GradientBoosting,158,156,158,schema_completo,793165.1241955304,1041415.1656790774,177653.17793335186,0.17058823780188495,803164.6600735887,1039757.5909668882,1389371.9018921163,586207.2418185276,0.0,500,0.15
33.592.510/0001-54,Vale,Commodities,2026,TARGET_EBITDA_DFP,EBITDA,GradientBoosting,155,153,155,schema_completo,6355930.381283292,9387164.877789805,1764204.6190832593,0.18793796018832035,6506026.597654269,8963452.37645692,12635746.549002009,6129719.951347739,,500,0.15
33.592.510/0001-54,Vale,Commodities,2026,TARGET_BPA_1_DFP,Ativo Total,GradientBoosting,150,149,150,schema_completo,17094742.735675924,23701511.610282604,4890811.201204868,0.20635018059704896,17526319.08953723,22252821.63052357,31443836.855222557,13917517.765685327,,500,0.15
33.592.510/0001-54,Vale,Commodities,2026,TARGET_BPA_1.01_DFP,Ativo Circulante,GradientBoosting,156,154,156,schema_completo,12645528.229102269,13501340.351739932,1879234.7553190417,0.13918875506881528,10296714.61406032,13108283.505056635,16623484.018622385,6326769.404562065,,500,0.15
33.592.510/0001-54,Vale,Commodities,2026,TARGET_BPP_2.01_DFP,Passivo Circulante,GradientBoosting,154,152,154,schema_completo,3298684.8862781003,4284127.340460116,868146.3136714206,0.20264250912256532,3141718.2728610546,3934624.51569036,5818304.189813494,2676585.916952439,,500,0.15
33.592.510/0001-54,Vale,Commodities,2026,TARGET_BPP_2.03_DFP,Patrimônio Líquido,GradientBoosting,153,152,153,schema_completo,6006062.9334394,7676936.772415441,1217510.8632364175,0.15859331649195604,6136237.645188064,7646797.478859059,9561426.415528482,3425188.7703404175,,500,0.15
33.592.510/0001-54,Vale,Commodities,2026,TARGET_BPP_2_DFP,Passivo Total,GradientBoosting,150,149,150,schema_completo,17094742.735675924,24175349.679287016,4731448.190161006,0.19571374366571503,17842428.959780835,23901594.909429103,30633995.26205215,12791566.302271314,,500,0.15
33.592.510/0001-54,Vale,Commodities,2026,TARGET_DFC_MI_6.01_DFP,FCO,GradientBoosting,154,152,154,schema_completo,1301349.0704003465,1948271.140400984,655456.9522416869,0.3364300474659722,1075758.1925161001,1853834.934217859,3187937.0433523427,2112178.8508362425,0.0,500,0.15
33.611.500/0001-19,Gerdau,Commodities,2026,TARGET_DRE_3.01_DFP,Receita Líquida,GradientBoosting,155,153,155,schema_completo,19247901.81738231,14824531.644853514,3496272.380735868,0.23584369911272268,9774670.388455125,14692273.407652093,20800087.483428568,11025417.094973443,,500,0.15
33.611.500/0001-19,Gerdau,Commodities,2026,TARGET_DRE_3.11_DFP,Lucro Líquido,GradientBoosting,158,156,158,schema_completo,790827.4522137555,845684.1353753919,297748.1666400937,0.35207964083176974,330503.1734485696,895999.4820259782,1276618.5115522994,946115.3381037298,0.0,500,0.15
33.611.500/0001-19,Gerdau,Commodities,2026,TARGET_EBITDA_DFP,EBITDA,GradientBoosting,155,153,155,schema_completo,6109440.7026409665,9194388.39240282,1689182.8367710565,0.18371889077111447,6392453.647063298,9118026.943927959,12150146.707119258,5757693.06005596,,500,0.15
33.611.500/0001-19,Gerdau,Commodities,2026,TARGET_BPA_1_DFP,Ativo Total,GradientBoosting,150,149,150,schema_completo,16282615.297808332,23270098.609570213,4770494.371019492,0.2050053354332391,17217588.47445967,21410448.277920634,30651563.486751657,13433975.012291986,,500,0.15
33.611.500/0001-19,Gerdau,Commodities,2026,TARGET_BPA_1.01_DFP,Ativo Circulante,GradientBoosting,156,154,156,schema_completo,8154883.624277069,9733657.657829579,1633836.1603610679,0.1678542864148134,7928945.519822113,8713589.795488235,12087372.263844099,4158426.7440219857,,500,0.15
33.611.500/0001-19,Gerdau,Commodities,2026,TARGET_BPP_2.01_DFP,Passivo Circulante,GradientBoosting,154,152,154,schema_completo,3382017.9122625315,4398598.400303899,876412.4379166163,0.19924811454850366,3195332.852944089,4203007.940633571,6081032.855538303,2885700.002594214,,500,0.15
33.611.500/0001-19,Gerdau,Commodities,2026,TARGET_BPP_2.03_DFP,Patrimônio Líquido,GradientBoosting,153,152,153,schema_completo,6172405.157560871,7833570.19300544,1230073.0429683414,0.15702585317569098,6237308.608737311,7968712.041099297,9741495.12740811,3504186.5186707983,,500,0.15
33.611.500/0001-19,Gerdau,Commodities,2026,TARGET_BPP_2_DFP,Passivo Total,GradientBoosting,150,149,150,schema_completo,16282615.297808332,22784867.984,4606281.974900692,0.20216408443249778,17189888.916384503,20851210.866461366,29857569.154941615,12667680.238557111,,500,0.15
33.611.500/0001-19,Gerdau,Commodities,2026,TARGET_DFC_MI_6.01_DFP,FCO,GradientBoosting,154,152,154,schema_completo,1330765.2876496622,2018449.7778334275,628439.2826543266,0.31134749526881145,1296991.8590514592,1869385.2466638586,3337653.2857728284,2040661.4267213691,0.0,500,0.15
34.274.233/0001-02,Vibra Energia,Petróleo,2026,TARGET_DRE_3.01_DFP,Receita Líquida,GradientBoosting,155,153,155,schema_completo,21139235.054239586,17444078.633591443,3542824.940692962,0.20309613451699707,12119474.660199963,17535173.015213143,22760666.782750454,10641192.122550491,,500,0.15
34.274.233/0001-02,Vibra Energia,Petróleo,2026,TARGET_DRE_3.11_DFP,Lucro Líquido,GradientBoosting,158,156,158,schema_completo,666793.1206151522,870501.5563034985,144483.07251191878,0.16597681125976652,684276.3321061708,859770.753674037,1137854.4601319316,453578.12802576076,0.0,500,0.15
34.274.233/0001-02,Vibra Energia,Petróleo,2026,TARGET_EBITDA_DFP,EBITDA,GradientBoosting,155,153,155,schema_completo,6375812.160393337,9442425.742521334,1708120.710999134,0.18089850612296457,6644667.640708882,9106649.012823403,12547810.385468973,5903142.7447600905,,500,0.15
34.274.233/0001-02,Vibra Energia,Petróleo,2026,TARGET_BPA_1_DFP,Ativo Total,GradientBoosting,150,149,150,schema_completo,16994304.98574416,23624635.362150643,4637696.804579747,0.19630765654101334,17772179.26392898,21783268.03217051,30439852.956359774,12667673.692430794,,500,0.15
34.274.233/0001-02,Vibra Energia,Petróleo,2026,TARGET_BPA_1.01_DFP,Ativo Circulante,GradientBoosting,156,154,156,schema_completo,8043929.140076572,9721742.698724449,1632287.5605449032,0.16790071606802237,7954429.890953634,8726476.765909676,11951773.358811403,3997343.4678577688,,500,0.15
34.274.233/0001-02,Vibra Energia,Petróleo,2026,TARGET_BPP_2.01_DFP,Passivo Circulante,GradientBoosting,154,152,154,schema_completo,3459398.8142652633,4450443.244172651,940097.8776033825,0.2112369096795771,3175366.0018585036,4150196.55535011,6143439.151553212,2968073.149694708,,500,0.15
34.274.233/0001-02,Vibra Energia,Petróleo,2026,TARGET_BPP_2.03_DFP,Patrimônio Líquido,GradientBoosting,153,152,153,schema_completo,6033485.725237322,7661965.176136747,1208659.5461008889,0.15774798218416194,6174907.508580178,7218348.607699154,9588210.022602318,3413302.51402214,,500,0.15
34.274.233/0001-02,Vibra Energia,Petróleo,2026,TARGET_BPP_2_DFP,Passivo Total,GradientBoosting,150,149,150,schema_completo,16994304.98574416,23854636.948504362,4837954.476596435,0.20280981374984894,17588864.708693348,22322594.08227306,30828040.530367408,13239175.82167406,,500,0.15
34.274.233/0001-02,Vibra Energia,Petróleo,2026,TARGET_DFC_MI_6.01_DFP,FCO,GradientBoosting,154,152,154,schema_completo,1438636.892776865,2066500.5597654027,649260.7515932535,0.31418368048589357,1294133.289898949,1924973.4957732796,3419497.7803424443,2125364.490443495,0.0,500,0.15
47.960.950/0001-21,Magazine Luiza,Varejo,2026,TARGET_DRE_3.01_DFP,Receita Líquida,GradientBoosting,155,153,155,schema_completo,8657120.235859934,9526046.416942857,1989270.945235372,0.20882440187329868,7013573.560279153,9228109.189736785,13347830.179814437,6334256.619535284,,500,0.15
47.960.950/0001-21,Magazine Luiza,Varejo,2026,TARGET_DRE_3.11_DFP,Lucro Líquido,GradientBoosting,158,156,158,schema_completo,2430.499423739256,2516.6679885431213,1332.8356331414038,0.5296032846640893,128.66087724731952,2347.8445829570333,5321.49674244072,5192.8358651934,0.0,500,0.15
47.960.950/0001-21,Magazine Luiza,Varejo,2026,TARGET_EBITDA_DFP,EBITDA,GradientBoosting,155,153,155,schema_completo,6355394.247989855,9616025.274901569,1816207.4933670803,0.18887299496887724,6645301.909327037,9774243.983628336,12759815.953547483,6114514.044220447,,500,0.15
47.960.950/0001-21,Magazine Luiza,Varejo,2026,TARGET_BPA_1_DFP,Ativo Total,GradientBoosting,150,149,150,schema_completo,17362721.87217289,23996861.34240681,4760509.328098767,0.19838049902326532,17989795.036688898,22104821.89179375,31411178.202684548,13421383.16599565,,500,0.15
47.960.950/0001-21,Magazine Luiza,Varejo,2026,TARGET_BPA_1.01_DFP,Ativo Circulante,GradientBoosting,156,154,156,schema_completo,7024263.175848138,8844650.066058468,1675670.0250358037,0.18945577411436806,6990747.145992933,7946404.697651722,11396406.733437065,4405659.587444132,,500,0.15
47.960.950/0001-21,Magazine Luiza,Varejo,2026,TARGET_BPP_2.01_DFP,Passivo Circulante,GradientBoosting,154,152,154,schema_completo,3402315.616153554,4391447.8732291125,912691.6846111362,0.20783388781067716,3226232.9874528004,4017733.0300468057,6033133.669115553,2806900.6816627523,,500,0.15
47.960.950/0001-21,Magazine Luiza,Varejo,2026,TARGET_BPP_2.03_DFP,Patrimônio Líquido,GradientBoosting,153,152,153,schema_completo,6031509.547410639,7638293.706962914,1116058.8068920108,0.14611362821445767,6261855.195339582,7330664.423680276,9417044.603381533,3155189.4080419512,,500,0.15
47.960.950/0001-21,Magazine Luiza,Varejo,2026,TARGET_BPP_2_DFP,Passivo Total,GradientBoosting,150,149,150,schema_completo,17362721.87217289,24122048.481412776,4739581.449423477,0.19648337300522206,18095973.07324542,22620458.318045307,31352218.007608406,13256244.934362985,,500,0.15
47.960.950/0001-21,Magazine Luiza,Varejo,2026,TARGET_DFC_MI_6.01_DFP,FCO,GradientBoosting,154,152,154,schema_completo,916952.4453845848,1428387.2884643606,622918.9005022687,0.4360994427302417,608481.4443698247,1320381.6827586992,2572096.8784157275,1963615.434045903,0.0,500,0.15
53.113.791/0001-22,Totvs,Tecnologia,2026,TARGET_DRE_3.01_DFP,Receita Líquida,GradientBoosting,155,153,155,schema_completo,7923466.303384951,8645408.308021126,1659327.3088765854,0.1919316300349953,6456954.661798454,8358235.920833752,11963805.504441578,5506850.842643124,,500,0.15
53.113.791/0001-22,Totvs,Tecnologia,2026,TARGET_DRE_3.11_DFP,Lucro Líquido,GradientBoosting,158,156,158,schema_completo,755853.8517622777,1021749.5652217688,185458.48798885386,0.18151070898532798,763264.2854190819,1017366.5225906703,1365964.771745046,602700.486325964,0.0,500,0.15
53.113.791/0001-22,Totvs,Tecnologia,2026,TARGET_EBITDA_DFP,EBITDA,GradientBoosting,155,153,155,schema_completo,6348265.760900994,9216749.020397888,1634395.7836247403,0.1773288802817138,6551314.67602956,8871972.498869576,12209565.465231784,5658250.7892022235,,500,0.15
53.113.791/0001-22,Totvs,Tecnologia,2026,TARGET_BPA_1_DFP,Ativo Total,GradientBoosting,150,149,150,schema_completo,16254661.12963361,23199681.37409523,4757659.104107513,0.2050743295733327,17204181.494249847,21560153.046099335,30108506.738887124,12904325.244637277,,500,0.15
53.113.791/0001-22,Totvs,Tecnologia,2026,TARGET_BPA_1.01_DFP,Ativo Circulante,GradientBoosting,156,154,156,schema_completo,6712289.311848294,8410916.018596686,1654643.0222654436,0.19672566205714076,6396449.512557492,8332292.014095858,11026701.572597027,4630252.060039535,,500,0.15
53.113.791/0001-22,Totvs,Tecnologia,2026,TARGET_BPP_2.01_DFP,Passivo Circulante,GradientBoosting,154,152,154,schema_completo,2992563.4519414683,4008267.2869636957,796724.3056046797,0.19877025371933385,2934220.7605417506,3744915.189147167,5380769.391156966,2446548.6306152153,,500,0.15
53.113.791/0001-22,Totvs,Tecnologia,2026,TARGET_BPP_2.03_DFP,Patrimônio Líquido,GradientBoosting,153,152,153,schema_completo,6013829.570368367,7693023.9700664235,1189119.3354797554,0.15457112055111513,6215114.60667828,7614571.477626431,9549255.635780338,3334141.029102058,,500,0.15
53.113.791/0001-22,Totvs,Tecnologia,2026,TARGET_BPP_2_DFP,Passivo Total,GradientBoosting,150,149,150,schema_completo,16254661.12963361,23025694.451320365,4667361.935103098,0.20270233086652711,17213101.59611754,21318883.37108141,29954612.740404904,12741511.144287363,,500,0.15
53.113.791/0001-22,Totvs,Tecnologia,2026,TARGET_DFC_MI_6.01_DFP,FCO,GradientBoosting,154,152,154,schema_completo,1377012.6506423112,2085414.9797124704,688324.5490770234,0.33006598483910726,1283046.286387951,1964599.0461619329,3449703.1610936504,2166656.8747056993,0.0,500,0.15
61.079.117/0001-05,Alpargatas,Varejo,2026,TARGET_DRE_3.01_DFP,Receita Líquida,GradientBoosting,155,153,155,schema_completo,8069052.706298901,8784865.295178624,1824077.4611220036,0.2076386375694466,6472352.289857231,8423339.863353178,12216495.793083442,5744143.503226211,,500,0.15
61.079.117/0001-05,Alpargatas,Varejo,2026,TARGET_DRE_3.11_DFP,Lucro Líquido,GradientBoosting,158,156,158,schema_completo,755853.8517622777,1001998.0969523848,180015.62267013922,0.1796566512627754,756368.1182947377,1001964.1328748015,1342816.1897834186,586448.0714886809,0.0,500,0.15
61.079.117/0001-05,Alpargatas,Varejo,2026,TARGET_EBITDA_DFP,EBITDA,GradientBoosting,155,153,155,schema_completo,6345834.861035957,9281379.581584435,1686592.8885866317,0.18171790882608332,6554352.298957656,8998542.084486526,12354129.304408697,5799777.005451041,,500,0.15
61.079.117/0001-05,Alpargatas,Varejo,2026,TARGET_BPA_1_DFP,Ativo Total,GradientBoosting,150,149,150,schema_completo,16054135.251546582,22872140.479833122,4549427.757937118,0.1989069524100051,17134575.537740245,21184061.918809388,29990037.73412275,12855462.196382504,,500,0.15
61.079.117/0001-05,Alpargatas,Varejo,2026,TARGET_BPA_1.01_DFP,Ativo Circulante,GradientBoosting,156,154,156,schema_completo,6291433.008619996,8035911.865303385,1718901.3483158585,0.21390246398016757,6274686.198880146,7648352.334220608,10618057.456424605,4343371.257544459,,500,0.15
61.079.117/0001-05,Alpargatas,Varejo,2026,TARGET_BPP_2.01_DFP,Passivo Circulante,GradientBoosting,154,152,154,schema_completo,3106383.4767708057,4079750.218264264,813215.8455110642,0.1993298123670542,3069427.258958022,3845137.10906123,5620721.202635631,2551293.943677609,,500,0.15
61.079.117/0001-05,Alpargatas,Varejo,2026,TARGET_BPP_2.03_DFP,Patrimônio Líquido,GradientBoosting,153,152,153,schema_completo,6018790.85637144,7759738.541048018,1206377.079772494,0.1554662020364365,6118084.819016373,8006008.294326466,9598532.551632838,3480447.7326164655,,500,0.15
61.079.117/0001-05,Alpargatas,Varejo,2026,TARGET_BPP_2_DFP,Passivo Total,GradientBoosting,150,149,150,schema_completo,16054135.251546582,22857674.67694616,4656811.082213902,0.20373074461991,17128561.944687046,21084452.744332545,29699286.879984736,12570724.93529769,,500,0.15
61.079.117/0001-05,Alpargatas,Varejo,2026,TARGET_DFC_MI_6.01_DFP,FCO,GradientBoosting,154,152,154,schema_completo,1367945.656458585,2085985.0926922432,666743.7075773712,0.3196301401736525,1242597.5641921402,1976007.3230281577,3375742.840088057,2133145.275895917,0.0,500,0.15
81.243.735/0001-48,Positivo,Tecnologia,2026,TARGET_DRE_3.01_DFP,Receita Líquida,GradientBoosting,155,153,155,schema_completo,9214159.81597251,10123113.890595984,2109630.7638036855,0.2083974147286299,7390481.668775376,9981636.41102251,14449200.972646419,7058719.303871043,,500,0.15
81.243.735/0001-48,Positivo,Tecnologia,2026,TARGET_DRE_3.11_DFP,Lucro Líquido,GradientBoosting,158,156,158,schema_completo,1985.3856617520014,2519.2958127093016,1400.9520075568075,0.5560887294335616,100.02338926417059,2308.373584926938,5029.661285393528,4929.637896129357,0.0,500,0.15
81.243.735/0001-48,Positivo,Tecnologia,2026,TARGET_EBITDA_DFP,EBITDA,GradientBoosting,155,153,155,schema_completo,6355037.742350423,9218697.250781056,1608907.5430597144,0.17452656262503896,6536481.135486484,8843265.921492718,12251573.25994969,5715092.124463206,,500,0.15
81.243.735/0001-48,Positivo,Tecnologia,2026,TARGET_BPA_1_DFP,Ativo Total,GradientBoosting,150,149,150,schema_completo,16311302.907653388,23174608.987301964,4564195.933853788,0.1969481313084783,17530437.323336463,21305174.569583334,29867710.268724967,12337272.945388503,,500,0.15
81.243.735/0001-48,Positivo,Tecnologia,2026,TARGET_BPA_1.01_DFP,Ativo Circulante,GradientBoosting,156,154,156,schema_completo,2178845.6366028786,4273143.7876473935,1743024.9317289041,0.4079022420840506,2215815.6931826067,4414439.670747916,7029643.272093823,4813827.578911217,,500,0.15
81.243.735/0001-48,Positivo,Tecnologia,2026,TARGET_BPP_2.01_DFP,Passivo Circulante,GradientBoosting,154,152,154,schema_completo,3322395.8408218194,4297519.076067699,888993.5657869297,0.20686204064517463,3089591.8804104687,3960641.4674516683,5876300.451071339,2786708.57066087,,500,0.15
81.243.735/0001-48,Positivo,Tecnologia,2026,TARGET_BPP_2.03_DFP,Patrimônio Líquido,GradientBoosting,153,152,153,schema_completo,6014722.223571907,7679997.504976331,1203911.2872179856,0.15675933311669688,6102727.855810671,7235842.439038424,9625544.443279887,3522816.5874692155,,500,0.15
81.243.735/0001-48,Positivo,Tecnologia,2026,TARGET_BPP_2_DFP,Passivo Total,GradientBoosting,150,149,150,schema_completo,16311302.907653388,23260713.20434118,4744564.7926137205,0.20397331547547887,17134862.757726043,21416264.10254477,30593210.09526903,13458347.337542988,,500,0.15
81.243.735/0001-48,Positivo,Tecnologia,2026,TARGET_DFC_MI_6.01_DFP,FCO,GradientBoosting,154,152,154,schema_completo,772945.1615995445,1126058.0030872482,591705.9066890489,0.5254666323287104,339047.38123607985,1029184.0395695105,2258814.072240352,1919766.6910042723,0.0,500,0.15
82.901.000/0001-27,Intelbras,Tecnologia,2026,TARGET_DRE_3.01_DFP,Receita Líquida,GradientBoosting,155,153,155,schema_completo,8326001.634174015,9029242.217633968,1713205.7045740075,0.18973969944323166,6849348.411413837,8799196.086973697,12449203.431157446,5599855.019743608,,500,0.15
82.901.000/0001-27,Intelbras,Tecnologia,2026,TARGET_DRE_3.11_DFP,Lucro Líquido,GradientBoosting,158,156,158,schema_completo,752769.4837500686,1017471.6369753381,170882.35637997245,0.167948029379923,786309.87425845,1012262.5972620859,1348249.4415756683,561939.5673172183,0.0,500,0.15
82.901.000/0001-27,Intelbras,Tecnologia,2026,TARGET_EBITDA_DFP,EBITDA,GradientBoosting,155,153,155,schema_completo,6093082.398319401,9047450.456592,1517005.544574994,0.16767215823433432,6434665.423870415,8808164.78166588,11834061.59181905,5399396.167948634,,500,0.15
82.901.000/0001-27,Intelbras,Tecnologia,2026,TARGET_BPA_1_DFP,Ativo Total,GradientBoosting,150,149,150,schema_completo,15879184.991388693,22772691.8904471,4460712.48252796,0.19587989439224712,17354583.165418126,20998448.092407107,29349823.858217858,11995240.692799732,,500,0.15
82.901.000/0001-27,Intelbras,Tecnologia,2026,TARGET_BPA_1.01_DFP,Ativo Circulante,GradientBoosting,156,154,156,schema_completo,2830118.212558818,5210873.314633593,2090407.547601058,0.4011626115972936,2650984.9094427726,5267758.585306011,9083842.385483658,6432857.476040885,,500,0.15
82.901.000/0001-27,Intelbras,Tecnologia,2026,TARGET_BPP_2.01_DFP,Passivo Circulante,GradientBoosting,154,152,154,schema_completo,2905593.2888630996,4075894.4185590567,840939.3378875352,0.20632019663179374,3055790.3973209364,3707397.0927422214,5542150.276278695,2486359.8789577587,,500,0.15
82.901.000/0001-27,Intelbras,Tecnologia,2026,TARGET_BPP_2.03_DFP,Patrimônio Líquido,GradientBoosting,153,152,153,schema_completo,6076567.327901232,7668403.070023106,1184627.439546694,0.154481634406722,6124521.939562434,7345428.067313209,9530641.046383582,3406119.1068211477,,500,0.15
82.901.000/0001-27,Intelbras,Tecnologia,2026,TARGET_BPP_2_DFP,Passivo Total,GradientBoosting,150,149,150,schema_completo,15879184.991388693,22356703.981523447,4647851.855019934,0.20789521831398405,17371958.64256474,20164124.543392316,29691989.250454236,12320030.607889496,,500,0.15
82.901.000/0001-27,Intelbras,Tecnologia,2026,TARGET_DFC_MI_6.01_DFP,FCO,GradientBoosting,154,152,154,schema_completo,894177.3452225912,1338022.8304899714,703489.8283439263,0.5257681799691826,262027.47466491777,1308297.3090401387,2723029.926767572,2461002.452102654,0.0,500,0.15
84.429.695/0001-11,WEG,Tecnologia,2026,TARGET_DRE_3.01_DFP,Receita Líquida,GradientBoosting,155,153,155,schema_completo,8221246.88646111,8927226.236521458,1714731.7482245981,0.19207889469739176,6656540.796567521,8672039.88342527,12437752.963772401,5781212.16720488,,500,0.15
84.429.695/0001-11,WEG,Tecnologia,2026,TARGET_DRE_3.11_DFP,Lucro Líquido,GradientBoosting,158,156,158,schema_completo,785852.7971198716,1042922.5305214061,186922.93761953403,0.17922993525327566,788979.3484184663,1030348.2480373476,1407775.125365959,618795.7769474927,0.0,500,0.15
84.429.695/0001-11,WEG,Tecnologia,2026,TARGET_EBITDA_DFP,EBITDA,GradientBoosting,155,153,155,schema_completo,6330330.011586257,9185317.827645745,1621357.077243375,0.17651616500013248,6505756.658594686,8929174.100342128,12222616.074905876,5716859.41631119,,500,0.15
84.429.695/0001-11,WEG,Tecnologia,2026,TARGET_BPA_1_DFP,Ativo Total,GradientBoosting,150,149,150,schema_completo,16307230.912931046,22854408.45717127,4726204.379127709,0.20679618061366703,17107890.898555174,20971911.684460394,30016386.98412244,12908496.085567266,,500,0.15
84.429.695/0001-11,WEG,Tecnologia,2026,TARGET_BPA_1.01_DFP,Ativo Circulante,GradientBoosting,156,154,156,schema_completo,7335033.984036102,9118365.284370564,1697812.65791458,0.1861970435451555,7183692.539086673,9763285.622538034,11556771.224359402,4373078.685272729,,500,0.15
84.429.695/0001-11,WEG,Tecnologia,2026,TARGET_BPP_2.01_DFP,Passivo Circulante,GradientBoosting,154,152,154,schema_completo,3264502.6320826923,4183134.139236846,859303.6312729558,0.20542100795020732,3039189.3830017704,3808936.8211813234,5675485.552671546,2636296.1696697758,,500,0.15
84.429.695/0001-11,WEG,Tecnologia,2026,TARGET_BPP_2.03_DFP,Patrimônio Líquido,GradientBoosting,153,152,153,schema_completo,5987536.293177631,7612214.819841039,1213813.15497451,0.15945597749169368,6130817.891555376,7091497.520385377,9633781.74794937,3502963.856393993,,500,0.15
84.429.695/0001-11,WEG,Tecnologia,2026,TARGET_BPP_2_DFP,Passivo Total,GradientBoosting,150,149,150,schema_completo,16307230.912931046,23241444.123839863,4687766.094404494,0.20169857214664333,17385626.902058717,21998099.55392264,30000062.11392129,12614435.211862572,,500,0.15
84.429.695/0001-11,WEG,Tecnologia,2026,TARGET_DFC_MI_6.01_DFP,FCO,GradientBoosting,154,152,154,schema_completo,1301349.0704003465,1837213.2991383066,664554.4552257932,0.3617187266919327,652768.5405707941,1801674.884255368,3061543.9759067455,2408775.4353359514,0.0,500,0.15
89.637.490/0001-45,Klabin,Commodities,2026,TARGET_DRE_3.01_DFP,Receita Líquida,GradientBoosting,155,153,155,schema_completo,20711369.18246299,16345159.600186005,3509674.3213779978,0.2147225482789448,10989265.563817982,16416028.10793307,21956593.171706337,10967327.607888356,,500,0.15
89.637.490/0001-45,Klabin,Commodities,2026,TARGET_DRE_3.11_DFP,Lucro Líquido,GradientBoosting,158,156,158,schema_completo,887.8808281323286,930.8316743142046,557.4806733510268,0.5989059985112278,39.6280524954919,802.8861657620098,1970.5990464303818,1930.97099393489,0.0,500,0.15
89.637.490/0001-45,Klabin,Commodities,2026,TARGET_EBITDA_DFP,EBITDA,GradientBoosting,155,153,155,schema_completo,6337116.307218059,9242787.11828033,1593808.3414864386,0.17243806668815445,6578863.355474286,8951175.593624447,12138487.327215012,5559623.971740726,,500,0.15
89.637.490/0001-45,Klabin,Commodities,2026,TARGET_BPA_1_DFP,Ativo Total,GradientBoosting,150,149,150,schema_completo,17140811.693728473,23546034.69868828,4826253.278414404,0.20497095753805494,17756261.16538079,21893314.69488448,30865568.614012238,13109307.448631447,,500,0.15
89.637.490/0001-45,Klabin,Commodities,2026,TARGET_BPA_1.01_DFP,Ativo Circulante,GradientBoosting,156,154,156,schema_completo,8226701.66390877,9851057.51431447,1630102.7991068244,0.16547490426668798,7951599.276853772,10442847.482117925,12023697.911488812,4072098.6346350405,,500,0.15
89.637.490/0001-45,Klabin,Commodities,2026,TARGET_BPP_2.01_DFP,Passivo Circulante,GradientBoosting,154,152,154,schema_completo,3513696.4267348694,4482255.427511971,930849.4806934868,0.20767434960978706,3210371.0022416506,4171795.5190165695,6220853.605591479,3010482.603349828,,500,0.15
89.637.490/0001-45,Klabin,Commodities,2026,TARGET_BPP_2.03_DFP,Patrimônio Líquido,GradientBoosting,153,152,153,schema_completo,5695095.237478423,7348682.06741827,1286668.15969067,0.17508828765301324,5880644.161389785,6819663.240061123,9467286.708173798,3586642.5467840135,,500,0.15
89.637.490/0001-45,Klabin,Commodities,2026,TARGET_BPP_2_DFP,Passivo Total,GradientBoosting,150,149,150,schema_completo,17140811.693728473,23770193.465477295,4596550.81718339,0.19337456482460705,17981038.495384403,22445807.56605995,30403741.537581112,12422703.04219671,,500,0.15
89.637.490/0001-45,Klabin,Commodities,2026,TARGET_DFC_MI_6.01_DFP,FCO,GradientBoosting,154,152,154,schema_completo,1391605.232824953,1871860.0083350118,692579.5500207508,0.3699953772914828,776467.7048770504,1806702.8895271458,3090363.967708394,2313896.2628313433,0.0,500,0.15
92.754.738/0001-62,Lojas Renner,Varejo,2026,TARGET_DRE_3.01_DFP,Receita Líquida,GradientBoosting,155,153,155,schema_completo,7994238.271562764,8504711.54896941,1544438.5610092022,0.1815979944900489,6462554.614281737,8354233.875485126,11572515.261796648,5109960.64751491,,500,0.15
92.754.738/0001-62,Lojas Renner,Varejo,2026,TARGET_DRE_3.11_DFP,Lucro Líquido,GradientBoosting,158,156,158,schema_completo,748707.2146912128,956053.5874163577,191071.97255393135,0.19985487745544145,692185.7782810924,948965.8363833267,1262857.0402394189,570671.2619583264,0.0,500,0.15
92.754.738/0001-62,Lojas Renner,Varejo,2026,TARGET_EBITDA_DFP,EBITDA,GradientBoosting,155,153,155,schema_completo,6348265.760900994,9169924.617072925,1669623.6195262566,0.18207604634150273,6553666.026214581,8758131.32430688,12269352.178337567,5715686.152122986,,500,0.15
92.754.738/0001-62,Lojas Renner,Varejo,2026,TARGET_BPA_1_DFP,Ativo Total,GradientBoosting,150,149,150,schema_completo,16044609.005729973,22949627.969379447,4547157.834375213,0.19813645085847406,17309600.343868937,21347801.243971385,29762196.779513285,12452596.435644347,,500,0.15
92.754.738/0001-62,Lojas Renner,Varejo,2026,TARGET_BPA_1.01_DFP,Ativo Circulante,GradientBoosting,156,154,156,schema_completo,6755058.04447035,8505539.705962855,1699649.1609075344,0.19982849056785731,6583386.078655462,7493892.682323629,11169297.560375713,4585911.481720251,,500,0.15
92.754.738/0001-62,Lojas Renner,Varejo,2026,TARGET_BPP_2.01_DFP,Passivo Circulante,GradientBoosting,154,152,154,schema_completo,3200082.8721260936,4087060.991553057,830970.2122506752,0.203317301593513,2944236.3543924927,3786474.6899436973,5640209.717677395,2695973.363284902,,500,0.15
92.754.738/0001-62,Lojas Renner,Varejo,2026,TARGET_BPP_2.03_DFP,Patrimônio Líquido,GradientBoosting,153,152,153,schema_completo,5831486.694422525,7413104.041993753,1113396.603925969,0.15019303622595875,5992095.386238367,6967936.347733155,9188162.266008569,3196066.8797702016,,500,0.15
92.754.738/0001-62,Lojas Renner,Varejo,2026,TARGET_BPP_2_DFP,Passivo Total,GradientBoosting,150,149,150,schema_completo,16044609.005729973,23103748.98216016,4645401.098769089,0.20106698278085053,16992541.161197923,22441974.30660989,29630973.21272092,12638432.051522996,,500,0.15
92.754.738/0001-62,Lojas Renner,Varejo,2026,TARGET_DFC_MI_6.01_DFP,FCO,GradientBoosting,154,152,154,schema_completo,1391405.3910601041,2158889.085863987,636714.1950936534,0.29492677472999523,1418400.565715979,1999998.767031598,3512614.3051354415,2094213.7394194624,0.0,500,0.15
