CNPJ_CIA,DT_REFER,ORIGEM,Target,Horizonte,Algoritmo,y_pred
02.429.144/0001-93,2026-03-31 03:00:00,ITR,TARGET_DRE_3.01_ITR_T1,_ITR_T1,GradientBoosting,17709314.861190602
02.474.103/0001-19,2026-03-31 03:00:00,ITR,TARGET_DRE_3.01_ITR_T1,_ITR_T1,GradientBoosting,4908455.180107899
02.998.611/0001-04,2026-03-31 03:00:00,ITR,TARGET_DRE_3.01_ITR_T1,_ITR_T1,GradientBoosting,3523802.063974795
03.220.438/0001-73,2026-03-31 03:00:00,ITR,TARGET_DRE_3.01_ITR_T1,_ITR_T1,GradientBoosting,21290826.728131153
07.859.971/0001-30,2026-03-31 03:00:00,ITR,TARGET_DRE_3.01_ITR_T1,_ITR_T1,GradientBoosting,1492716.2690892231
10.629.105/0001-68,2026-03-31 03:00:00,ITR,TARGET_DRE_3.01_ITR_T1,_ITR_T1,GradientBoosting,6556828.957722504
16.404.287/0001-55,2026-03-31 03:00:00,ITR,TARGET_DRE_3.01_ITR_T1,_ITR_T1,GradientBoosting,15487432.55655841
16.590.234/0001-76,2026-03-31 03:00:00,ITR,TARGET_DRE_3.01_ITR_T1,_ITR_T1,GradientBoosting,3793655.449468546
24.990.777/0001-09,2026-03-31 03:00:00,ITR,TARGET_DRE_3.01_ITR_T1,_ITR_T1,GradientBoosting,14680844.175100092
33.000.167/0001-01,2026-03-31 03:00:00,ITR,TARGET_DRE_3.01_ITR_T1,_ITR_T1,GradientBoosting,89098765.57037872
33.042.730/0001-04,2026-03-31 03:00:00,ITR,TARGET_DRE_3.01_ITR_T1,_ITR_T1,GradientBoosting,14472576.76581338
33.256.439/0001-39,2026-03-31 03:00:00,ITR,TARGET_DRE_3.01_ITR_T1,_ITR_T1,GradientBoosting,58093137.36408019
33.592.510/0001-54,2026-03-31 03:00:00,ITR,TARGET_DRE_3.01_ITR_T1,_ITR_T1,GradientBoosting,60065125.459514245
33.611.500/0001-19,2026-03-31 03:00:00,ITR,TARGET_DRE_3.01_ITR_T1,_ITR_T1,GradientBoosting,27535142.170729272
34.274.233/0001-02,2026-03-31 03:00:00,ITR,TARGET_DRE_3.01_ITR_T1,_ITR_T1,GradientBoosting,65073044.29084095
47.960.950/0001-21,2026-03-31 03:00:00,ITR,TARGET_DRE_3.01_ITR_T1,_ITR_T1,GradientBoosting,14809540.78970847
53.113.791/0001-22,2026-03-31 03:00:00,ITR,TARGET_DRE_3.01_ITR_T1,_ITR_T1,GradientBoosting,3303113.6908648224
61.079.117/0001-05,2026-03-31 03:00:00,ITR,TARGET_DRE_3.01_ITR_T1,_ITR_T1,GradientBoosting,1712338.4118944807
81.243.735/0001-48,2026-03-31 03:00:00,ITR,TARGET_DRE_3.01_ITR_T1,_ITR_T1,GradientBoosting,1436780.025052566
82.901.000/0001-27,2026-03-31 03:00:00,ITR,TARGET_DRE_3.01_ITR_T1,_ITR_T1,GradientBoosting,1955955.462023181
84.429.695/0001-11,2026-03-31 03:00:00,ITR,TARGET_DRE_3.01_ITR_T1,_ITR_T1,GradientBoosting,16001206.303814063
89.637.490/0001-45,2026-03-31 03:00:00,ITR,TARGET_DRE_3.01_ITR_T1,_ITR_T1,GradientBoosting,8459522.335558789
92.754.738/0001-62,2026-03-31 03:00:00,ITR,TARGET_DRE_3.01_ITR_T1,_ITR_T1,GradientBoosting,5292727.17215184
02.429.144/0001-93,2026-03-31 03:00:00,ITR,TARGET_DRE_3.01_ITR_T2,_ITR_T2,GradientBoosting,11047960.056556676
02.474.103/0001-19,2026-03-31 03:00:00,ITR,TARGET_DRE_3.01_ITR_T2,_ITR_T2,GradientBoosting,6322562.152777237
02.998.611/0001-04,2026-03-31 03:00:00,ITR,TARGET_DRE_3.01_ITR_T2,_ITR_T2,GradientBoosting,4252285.644947861
03.220.438/0001-73,2026-03-31 03:00:00,ITR,TARGET_DRE_3.01_ITR_T2,_ITR_T2,GradientBoosting,13769084.687464003
07.859.971/0001-30,2026-03-31 03:00:00,ITR,TARGET_DRE_3.01_ITR_T2,_ITR_T2,GradientBoosting,2277034.773846277
10.629.105/0001-68,2026-03-31 03:00:00,ITR,TARGET_DRE_3.01_ITR_T2,_ITR_T2,GradientBoosting,3659458.584368592
16.404.287/0001-55,2026-03-31 03:00:00,ITR,TARGET_DRE_3.01_ITR_T2,_ITR_T2,GradientBoosting,8506907.561792327
16.590.234/0001-76,2026-03-31 03:00:00,ITR,TARGET_DRE_3.01_ITR_T2,_ITR_T2,GradientBoosting,4671923.813262606
24.990.777/0001-09,2026-03-31 03:00:00,ITR,TARGET_DRE_3.01_ITR_T2,_ITR_T2,GradientBoosting,11080390.882547392
33.000.167/0001-01,2026-03-31 03:00:00,ITR,TARGET_DRE_3.01_ITR_T2,_ITR_T2,GradientBoosting,53112859.29218959
33.042.730/0001-04,2026-03-31 03:00:00,ITR,TARGET_DRE_3.01_ITR_T2,_ITR_T2,GradientBoosting,7677756.200958191
33.256.439/0001-39,2026-03-31 03:00:00,ITR,TARGET_DRE_3.01_ITR_T2,_ITR_T2,GradientBoosting,31210890.60215768
33.592.510/0001-54,2026-03-31 03:00:00,ITR,TARGET_DRE_3.01_ITR_T2,_ITR_T2,GradientBoosting,15992749.011626262
33.611.500/0001-19,2026-03-31 03:00:00,ITR,TARGET_DRE_3.01_ITR_T2,_ITR_T2,GradientBoosting,16225907.6392445
34.274.233/0001-02,2026-03-31 03:00:00,ITR,TARGET_DRE_3.01_ITR_T2,_ITR_T2,GradientBoosting,52404696.7611165
47.960.950/0001-21,2026-03-31 03:00:00,ITR,TARGET_DRE_3.01_ITR_T2,_ITR_T2,GradientBoosting,10268832.110887056
53.113.791/0001-22,2026-03-31 03:00:00,ITR,TARGET_DRE_3.01_ITR_T2,_ITR_T2,GradientBoosting,3633225.1592305163
61.079.117/0001-05,2026-03-31 03:00:00,ITR,TARGET_DRE_3.01_ITR_T2,_ITR_T2,GradientBoosting,2735205.258308781
81.243.735/0001-48,2026-03-31 03:00:00,ITR,TARGET_DRE_3.01_ITR_T2,_ITR_T2,GradientBoosting,1668203.8655160232
82.901.000/0001-27,2026-03-31 03:00:00,ITR,TARGET_DRE_3.01_ITR_T2,_ITR_T2,GradientBoosting,2973404.6249698675
84.429.695/0001-11,2026-03-31 03:00:00,ITR,TARGET_DRE_3.01_ITR_T2,_ITR_T2,GradientBoosting,8645420.678620284
89.637.490/0001-45,2026-03-31 03:00:00,ITR,TARGET_DRE_3.01_ITR_T2,_ITR_T2,GradientBoosting,9808700.2445318
92.754.738/0001-62,2026-03-31 03:00:00,ITR,TARGET_DRE_3.01_ITR_T2,_ITR_T2,GradientBoosting,5541528.123822637
02.429.144/0001-93,2026-03-31 03:00:00,ITR,TARGET_DRE_3.01_ITR_T3,_ITR_T3,GradientBoosting,3214804.8725745496
02.474.103/0001-19,2026-03-31 03:00:00,ITR,TARGET_DRE_3.01_ITR_T3,_ITR_T3,GradientBoosting,2544247.3814418716
02.998.611/0001-04,2026-03-31 03:00:00,ITR,TARGET_DRE_3.01_ITR_T3,_ITR_T3,GradientBoosting,1907994.8389558422
03.220.438/0001-73,2026-03-31 03:00:00,ITR,TARGET_DRE_3.01_ITR_T3,_ITR_T3,GradientBoosting,3288394.559918769
07.859.971/0001-30,2026-03-31 03:00:00,ITR,TARGET_DRE_3.01_ITR_T3,_ITR_T3,GradientBoosting,1251297.8759074046
10.629.105/0001-68,2026-03-31 03:00:00,ITR,TARGET_DRE_3.01_ITR_T3,_ITR_T3,GradientBoosting,1982653.8754934163
16.404.287/0001-55,2026-03-31 03:00:00,ITR,TARGET_DRE_3.01_ITR_T3,_ITR_T3,GradientBoosting,2963281.4356608293
16.590.234/0001-76,2026-03-31 03:00:00,ITR,TARGET_DRE_3.01_ITR_T3,_ITR_T3,GradientBoosting,1773240.1487441089
24.990.777/0001-09,2026-03-31 03:00:00,ITR,TARGET_DRE_3.01_ITR_T3,_ITR_T3,GradientBoosting,2783142.8085674234
33.000.167/0001-01,2026-03-31 03:00:00,ITR,TARGET_DRE_3.01_ITR_T3,_ITR_T3,GradientBoosting,10155041.983373694
33.042.730/0001-04,2026-03-31 03:00:00,ITR,TARGET_DRE_3.01_ITR_T3,_ITR_T3,GradientBoosting,2785328.6769848373
33.256.439/0001-39,2026-03-31 03:00:00,ITR,TARGET_DRE_3.01_ITR_T3,_ITR_T3,GradientBoosting,5617423.421974957
33.592.510/0001-54,2026-03-31 03:00:00,ITR,TARGET_DRE_3.01_ITR_T3,_ITR_T3,GradientBoosting,4922992.897186102
33.611.500/0001-19,2026-03-31 03:00:00,ITR,TARGET_DRE_3.01_ITR_T3,_ITR_T3,GradientBoosting,3547811.5833708304
34.274.233/0001-02,2026-03-31 03:00:00,ITR,TARGET_DRE_3.01_ITR_T3,_ITR_T3,GradientBoosting,5956136.8956504
47.960.950/0001-21,2026-03-31 03:00:00,ITR,TARGET_DRE_3.01_ITR_T3,_ITR_T3,GradientBoosting,3012120.5958587048
53.113.791/0001-22,2026-03-31 03:00:00,ITR,TARGET_DRE_3.01_ITR_T3,_ITR_T3,GradientBoosting,1565804.4747931776
61.079.117/0001-05,2026-03-31 03:00:00,ITR,TARGET_DRE_3.01_ITR_T3,_ITR_T3,GradientBoosting,1557728.8645986093
81.243.735/0001-48,2026-03-31 03:00:00,ITR,TARGET_DRE_3.01_ITR_T3,_ITR_T3,GradientBoosting,1015984.8334280514
82.901.000/0001-27,2026-03-31 03:00:00,ITR,TARGET_DRE_3.01_ITR_T3,_ITR_T3,GradientBoosting,1559839.8625734043
84.429.695/0001-11,2026-03-31 03:00:00,ITR,TARGET_DRE_3.01_ITR_T3,_ITR_T3,GradientBoosting,4487391.45201013
89.637.490/0001-45,2026-03-31 03:00:00,ITR,TARGET_DRE_3.01_ITR_T3,_ITR_T3,GradientBoosting,3350639.189435582
92.754.738/0001-62,2026-03-31 03:00:00,ITR,TARGET_DRE_3.01_ITR_T3,_ITR_T3,GradientBoosting,1970071.7560046508
02.429.144/0001-93,2026-03-31 03:00:00,ITR,TARGET_DRE_3.01_DFP,_DFP,GradientBoosting,12342283.882438857
02.474.103/0001-19,2026-03-31 03:00:00,ITR,TARGET_DRE_3.01_DFP,_DFP,GradientBoosting,9994872.877124565
02.998.611/0001-04,2026-03-31 03:00:00,ITR,TARGET_DRE_3.01_DFP,_DFP,GradientBoosting,7889186.513699205
03.220.438/0001-73,2026-03-31 03:00:00,ITR,TARGET_DRE_3.01_DFP,_DFP,GradientBoosting,14995846.039413339
07.859.971/0001-30,2026-03-31 03:00:00,ITR,TARGET_DRE_3.01_DFP,_DFP,GradientBoosting,5473470.714820253
10.629.105/0001-68,2026-03-31 03:00:00,ITR,TARGET_DRE_3.01_DFP,_DFP,GradientBoosting,5252710.170060433
16.404.287/0001-55,2026-03-31 03:00:00,ITR,TARGET_DRE_3.01_DFP,_DFP,GradientBoosting,11074717.64792711
16.590.234/0001-76,2026-03-31 03:00:00,ITR,TARGET_DRE_3.01_DFP,_DFP,GradientBoosting,5793463.406619948
24.990.777/0001-09,2026-03-31 03:00:00,ITR,TARGET_DRE_3.01_DFP,_DFP,GradientBoosting,13275623.87256993
33.000.167/0001-01,2026-03-31 03:00:00,ITR,TARGET_DRE_3.01_DFP,_DFP,GradientBoosting,66917274.13716645
33.042.730/0001-04,2026-03-31 03:00:00,ITR,TARGET_DRE_3.01_DFP,_DFP,GradientBoosting,10296227.640347924
33.256.439/0001-39,2026-03-31 03:00:00,ITR,TARGET_DRE_3.01_DFP,_DFP,GradientBoosting,26758747.362420354
33.592.510/0001-54,2026-03-31 03:00:00,ITR,TARGET_DRE_3.01_DFP,_DFP,GradientBoosting,20575389.396299046
33.611.500/0001-19,2026-03-31 03:00:00,ITR,TARGET_DRE_3.01_DFP,_DFP,GradientBoosting,23259984.52532068
34.274.233/0001-02,2026-03-31 03:00:00,ITR,TARGET_DRE_3.01_DFP,_DFP,GradientBoosting,57347119.25903582
47.960.950/0001-21,2026-03-31 03:00:00,ITR,TARGET_DRE_3.01_DFP,_DFP,GradientBoosting,11891725.372724295
53.113.791/0001-22,2026-03-31 03:00:00,ITR,TARGET_DRE_3.01_DFP,_DFP,GradientBoosting,5812615.6373887835
61.079.117/0001-05,2026-03-31 03:00:00,ITR,TARGET_DRE_3.01_DFP,_DFP,GradientBoosting,4019455.2823462742
81.243.735/0001-48,2026-03-31 03:00:00,ITR,TARGET_DRE_3.01_DFP,_DFP,GradientBoosting,4197468.287294533
82.901.000/0001-27,2026-03-31 03:00:00,ITR,TARGET_DRE_3.01_DFP,_DFP,GradientBoosting,4877070.371623047
84.429.695/0001-11,2026-03-31 03:00:00,ITR,TARGET_DRE_3.01_DFP,_DFP,GradientBoosting,16495833.38822429
89.637.490/0001-45,2026-03-31 03:00:00,ITR,TARGET_DRE_3.01_DFP,_DFP,GradientBoosting,15850481.029976228
92.754.738/0001-62,2026-03-31 03:00:00,ITR,TARGET_DRE_3.01_DFP,_DFP,GradientBoosting,7990983.941673706
02.429.144/0001-93,2026-03-31 03:00:00,ITR,TARGET_DRE_3.11_ITR_T1,_ITR_T1,GradientBoosting,215494.58188799518
02.474.103/0001-19,2026-03-31 03:00:00,ITR,TARGET_DRE_3.11_ITR_T1,_ITR_T1,GradientBoosting,213138.53521741158
02.998.611/0001-04,2026-03-31 03:00:00,ITR,TARGET_DRE_3.11_ITR_T1,_ITR_T1,GradientBoosting,167680.41236549403
03.220.438/0001-73,2026-03-31 03:00:00,ITR,TARGET_DRE_3.11_ITR_T1,_ITR_T1,GradientBoosting,227125.392481012
07.859.971/0001-30,2026-03-31 03:00:00,ITR,TARGET_DRE_3.11_ITR_T1,_ITR_T1,GradientBoosting,138300.11535448747
10.629.105/0001-68,2026-03-31 03:00:00,ITR,TARGET_DRE_3.11_ITR_T1,_ITR_T1,GradientBoosting,220606.91167474556
16.404.287/0001-55,2026-03-31 03:00:00,ITR,TARGET_DRE_3.11_ITR_T1,_ITR_T1,GradientBoosting,263590.6788987474
16.590.234/0001-76,2026-03-31 03:00:00,ITR,TARGET_DRE_3.11_ITR_T1,_ITR_T1,GradientBoosting,131754.7263715862
24.990.777/0001-09,2026-03-31 03:00:00,ITR,TARGET_DRE_3.11_ITR_T1,_ITR_T1,GradientBoosting,126469.43164250154
33.000.167/0001-01,2026-03-31 03:00:00,ITR,TARGET_DRE_3.11_ITR_T1,_ITR_T1,GradientBoosting,117423.90597671278
33.042.730/0001-04,2026-03-31 03:00:00,ITR,TARGET_DRE_3.11_ITR_T1,_ITR_T1,GradientBoosting,50724.897238216494
33.256.439/0001-39,2026-03-31 03:00:00,ITR,TARGET_DRE_3.11_ITR_T1,_ITR_T1,GradientBoosting,195502.91969242188
33.592.510/0001-54,2026-03-31 03:00:00,ITR,TARGET_DRE_3.11_ITR_T1,_ITR_T1,GradientBoosting,226260.3097489747
33.611.500/0001-19,2026-03-31 03:00:00,ITR,TARGET_DRE_3.11_ITR_T1,_ITR_T1,GradientBoosting,171702.00345956866
34.274.233/0001-02,2026-03-31 03:00:00,ITR,TARGET_DRE_3.11_ITR_T1,_ITR_T1,GradientBoosting,220515.9719858182
47.960.950/0001-21,2026-03-31 03:00:00,ITR,TARGET_DRE_3.11_ITR_T1,_ITR_T1,GradientBoosting,79906.50509672551
53.113.791/0001-22,2026-03-31 03:00:00,ITR,TARGET_DRE_3.11_ITR_T1,_ITR_T1,GradientBoosting,157086.07764878668
61.079.117/0001-05,2026-03-31 03:00:00,ITR,TARGET_DRE_3.11_ITR_T1,_ITR_T1,GradientBoosting,140567.21924704014
81.243.735/0001-48,2026-03-31 03:00:00,ITR,TARGET_DRE_3.11_ITR_T1,_ITR_T1,GradientBoosting,22651.559598636348
82.901.000/0001-27,2026-03-31 03:00:00,ITR,TARGET_DRE_3.11_ITR_T1,_ITR_T1,GradientBoosting,142162.73732202133
84.429.695/0001-11,2026-03-31 03:00:00,ITR,TARGET_DRE_3.11_ITR_T1,_ITR_T1,GradientBoosting,240733.55292665356
89.637.490/0001-45,2026-03-31 03:00:00,ITR,TARGET_DRE_3.11_ITR_T1,_ITR_T1,GradientBoosting,1629.4929261952252
92.754.738/0001-62,2026-03-31 03:00:00,ITR,TARGET_DRE_3.11_ITR_T1,_ITR_T1,GradientBoosting,68261.2739385788
02.429.144/0001-93,2026-03-31 03:00:00,ITR,TARGET_DRE_3.11_ITR_T2,_ITR_T2,GradientBoosting,379356.9466902884
02.474.103/0001-19,2026-03-31 03:00:00,ITR,TARGET_DRE_3.11_ITR_T2,_ITR_T2,GradientBoosting,190873.91679416609
02.998.611/0001-04,2026-03-31 03:00:00,ITR,TARGET_DRE_3.11_ITR_T2,_ITR_T2,GradientBoosting,318805.2986269998
03.220.438/0001-73,2026-03-31 03:00:00,ITR,TARGET_DRE_3.11_ITR_T2,_ITR_T2,GradientBoosting,370768.106850322
07.859.971/0001-30,2026-03-31 03:00:00,ITR,TARGET_DRE_3.11_ITR_T2,_ITR_T2,GradientBoosting,313535.3226067202
10.629.105/0001-68,2026-03-31 03:00:00,ITR,TARGET_DRE_3.11_ITR_T2,_ITR_T2,GradientBoosting,147327.96703361603
16.404.287/0001-55,2026-03-31 03:00:00,ITR,TARGET_DRE_3.11_ITR_T2,_ITR_T2,GradientBoosting,1973.2538593933089
16.590.234/0001-76,2026-03-31 03:00:00,ITR,TARGET_DRE_3.11_ITR_T2,_ITR_T2,GradientBoosting,439783.65348831535
24.990.777/0001-09,2026-03-31 03:00:00,ITR,TARGET_DRE_3.11_ITR_T2,_ITR_T2,GradientBoosting,342422.1707401102
33.000.167/0001-01,2026-03-31 03:00:00,ITR,TARGET_DRE_3.11_ITR_T2,_ITR_T2,GradientBoosting,397.5449490194633
33.042.730/0001-04,2026-03-31 03:00:00,ITR,TARGET_DRE_3.11_ITR_T2,_ITR_T2,GradientBoosting,56176.57663884662
33.256.439/0001-39,2026-03-31 03:00:00,ITR,TARGET_DRE_3.11_ITR_T2,_ITR_T2,GradientBoosting,375219.21446370136
33.592.510/0001-54,2026-03-31 03:00:00,ITR,TARGET_DRE_3.11_ITR_T2,_ITR_T2,GradientBoosting,2.3229455098338843
33.611.500/0001-19,2026-03-31 03:00:00,ITR,TARGET_DRE_3.11_ITR_T2,_ITR_T2,GradientBoosting,30302.263857248778
34.274.233/0001-02,2026-03-31 03:00:00,ITR,TARGET_DRE_3.11_ITR_T2,_ITR_T2,GradientBoosting,502866.5810667173
47.960.950/0001-21,2026-03-31 03:00:00,ITR,TARGET_DRE_3.11_ITR_T2,_ITR_T2,GradientBoosting,624635.210443093
53.113.791/0001-22,2026-03-31 03:00:00,ITR,TARGET_DRE_3.11_ITR_T2,_ITR_T2,GradientBoosting,353949.1324699452
61.079.117/0001-05,2026-03-31 03:00:00,ITR,TARGET_DRE_3.11_ITR_T2,_ITR_T2,GradientBoosting,258427.26867024624
81.243.735/0001-48,2026-03-31 03:00:00,ITR,TARGET_DRE_3.11_ITR_T2,_ITR_T2,GradientBoosting,444734.0036357579
82.901.000/0001-27,2026-03-31 03:00:00,ITR,TARGET_DRE_3.11_ITR_T2,_ITR_T2,GradientBoosting,302752.67997235677
84.429.695/0001-11,2026-03-31 03:00:00,ITR,TARGET_DRE_3.11_ITR_T2,_ITR_T2,GradientBoosting,87759.6697971175
89.637.490/0001-45,2026-03-31 03:00:00,ITR,TARGET_DRE_3.11_ITR_T2,_ITR_T2,GradientBoosting,150649.7561046143
92.754.738/0001-62,2026-03-31 03:00:00,ITR,TARGET_DRE_3.11_ITR_T2,_ITR_T2,GradientBoosting,362960.1282003365
02.429.144/0001-93,2026-03-31 03:00:00,ITR,TARGET_DRE_3.11_ITR_T3,_ITR_T3,GradientBoosting,224149.96569880488
02.474.103/0001-19,2026-03-31 03:00:00,ITR,TARGET_DRE_3.11_ITR_T3,_ITR_T3,GradientBoosting,79568.52825123203
02.998.611/0001-04,2026-03-31 03:00:00,ITR,TARGET_DRE_3.11_ITR_T3,_ITR_T3,GradientBoosting,11773.776628317271
03.220.438/0001-73,2026-03-31 03:00:00,ITR,TARGET_DRE_3.11_ITR_T3,_ITR_T3,GradientBoosting,76716.93751069898
07.859.971/0001-30,2026-03-31 03:00:00,ITR,TARGET_DRE_3.11_ITR_T3,_ITR_T3,GradientBoosting,25282.97952617175
10.629.105/0001-68,2026-03-31 03:00:00,ITR,TARGET_DRE_3.11_ITR_T3,_ITR_T3,GradientBoosting,279528.0353018558
16.404.287/0001-55,2026-03-31 03:00:00,ITR,TARGET_DRE_3.11_ITR_T3,_ITR_T3,GradientBoosting,51610.77825974657
16.590.234/0001-76,2026-03-31 03:00:00,ITR,TARGET_DRE_3.11_ITR_T3,_ITR_T3,GradientBoosting,92927.92736535969
24.990.777/0001-09,2026-03-31 03:00:00,ITR,TARGET_DRE_3.11_ITR_T3,_ITR_T3,GradientBoosting,111089.63474041784
33.000.167/0001-01,2026-03-31 03:00:00,ITR,TARGET_DRE_3.11_ITR_T3,_ITR_T3,GradientBoosting,6941.176641692586
33.042.730/0001-04,2026-03-31 03:00:00,ITR,TARGET_DRE_3.11_ITR_T3,_ITR_T3,GradientBoosting,144149.94198297808
33.256.439/0001-39,2026-03-31 03:00:00,ITR,TARGET_DRE_3.11_ITR_T3,_ITR_T3,GradientBoosting,107940.38931664167
33.592.510/0001-54,2026-03-31 03:00:00,ITR,TARGET_DRE_3.11_ITR_T3,_ITR_T3,GradientBoosting,238451.0170258618
33.611.500/0001-19,2026-03-31 03:00:00,ITR,TARGET_DRE_3.11_ITR_T3,_ITR_T3,GradientBoosting,162649.08970550058
34.274.233/0001-02,2026-03-31 03:00:00,ITR,TARGET_DRE_3.11_ITR_T3,_ITR_T3,GradientBoosting,345274.1211600795
47.960.950/0001-21,2026-03-31 03:00:00,ITR,TARGET_DRE_3.11_ITR_T3,_ITR_T3,GradientBoosting,259.3149909400955
53.113.791/0001-22,2026-03-31 03:00:00,ITR,TARGET_DRE_3.11_ITR_T3,_ITR_T3,GradientBoosting,134091.59252901335
61.079.117/0001-05,2026-03-31 03:00:00,ITR,TARGET_DRE_3.11_ITR_T3,_ITR_T3,GradientBoosting,182957.72575645015
81.243.735/0001-48,2026-03-31 03:00:00,ITR,TARGET_DRE_3.11_ITR_T3,_ITR_T3,GradientBoosting,42970.663193221764
82.901.000/0001-27,2026-03-31 03:00:00,ITR,TARGET_DRE_3.11_ITR_T3,_ITR_T3,GradientBoosting,176135.4374951679
84.429.695/0001-11,2026-03-31 03:00:00,ITR,TARGET_DRE_3.11_ITR_T3,_ITR_T3,GradientBoosting,17916.39038072748
89.637.490/0001-45,2026-03-31 03:00:00,ITR,TARGET_DRE_3.11_ITR_T3,_ITR_T3,GradientBoosting,2008.4375057774384
92.754.738/0001-62,2026-03-31 03:00:00,ITR,TARGET_DRE_3.11_ITR_T3,_ITR_T3,GradientBoosting,122124.04661653773
02.429.144/0001-93,2026-03-31 03:00:00,ITR,TARGET_DRE_3.11_DFP,_DFP,GradientBoosting,2944594.628688371
02.474.103/0001-19,2026-03-31 03:00:00,ITR,TARGET_DRE_3.11_DFP,_DFP,GradientBoosting,2392339.4326961143
02.998.611/0001-04,2026-03-31 03:00:00,ITR,TARGET_DRE_3.11_DFP,_DFP,GradientBoosting,2101095.2658391497
03.220.438/0001-73,2026-03-31 03:00:00,ITR,TARGET_DRE_3.11_DFP,_DFP,GradientBoosting,1824500.3122350816
07.859.971/0001-30,2026-03-31 03:00:00,ITR,TARGET_DRE_3.11_DFP,_DFP,GradientBoosting,1403424.8065102436
10.629.105/0001-68,2026-03-31 03:00:00,ITR,TARGET_DRE_3.11_DFP,_DFP,GradientBoosting,3335862.9925691616
16.404.287/0001-55,2026-03-31 03:00:00,ITR,TARGET_DRE_3.11_DFP,_DFP,GradientBoosting,2221796.356655222
16.590.234/0001-76,2026-03-31 03:00:00,ITR,TARGET_DRE_3.11_DFP,_DFP,GradientBoosting,745455.1665384499
24.990.777/0001-09,2026-03-31 03:00:00,ITR,TARGET_DRE_3.11_DFP,_DFP,GradientBoosting,340540.17679854366
33.000.167/0001-01,2026-03-31 03:00:00,ITR,TARGET_DRE_3.11_DFP,_DFP,GradientBoosting,9178139.325305153
33.042.730/0001-04,2026-03-31 03:00:00,ITR,TARGET_DRE_3.11_DFP,_DFP,GradientBoosting,2.693791814463663
33.256.439/0001-39,2026-03-31 03:00:00,ITR,TARGET_DRE_3.11_DFP,_DFP,GradientBoosting,2342704.066376914
33.592.510/0001-54,2026-03-31 03:00:00,ITR,TARGET_DRE_3.11_DFP,_DFP,GradientBoosting,7002744.577340528
33.611.500/0001-19,2026-03-31 03:00:00,ITR,TARGET_DRE_3.11_DFP,_DFP,GradientBoosting,592873.7650915937
34.274.233/0001-02,2026-03-31 03:00:00,ITR,TARGET_DRE_3.11_DFP,_DFP,GradientBoosting,2552740.2001236565
47.960.950/0001-21,2026-03-31 03:00:00,ITR,TARGET_DRE_3.11_DFP,_DFP,GradientBoosting,20439.889631959213
53.113.791/0001-22,2026-03-31 03:00:00,ITR,TARGET_DRE_3.11_DFP,_DFP,GradientBoosting,717494.0399904224
61.079.117/0001-05,2026-03-31 03:00:00,ITR,TARGET_DRE_3.11_DFP,_DFP,GradientBoosting,682725.9459964558
81.243.735/0001-48,2026-03-31 03:00:00,ITR,TARGET_DRE_3.11_DFP,_DFP,GradientBoosting,3162.281476657127
82.901.000/0001-27,2026-03-31 03:00:00,ITR,TARGET_DRE_3.11_DFP,_DFP,GradientBoosting,772817.2871318044
84.429.695/0001-11,2026-03-31 03:00:00,ITR,TARGET_DRE_3.11_DFP,_DFP,GradientBoosting,1707799.7007888134
89.637.490/0001-45,2026-03-31 03:00:00,ITR,TARGET_DRE_3.11_DFP,_DFP,GradientBoosting,120.25222926378473
92.754.738/0001-62,2026-03-31 03:00:00,ITR,TARGET_DRE_3.11_DFP,_DFP,GradientBoosting,1296083.484778103
02.429.144/0001-93,2026-03-31 03:00:00,ITR,TARGET_EBITDA_ITR_T1,_ITR_T1,GradientBoosting,5060008.707612588
02.474.103/0001-19,2026-03-31 03:00:00,ITR,TARGET_EBITDA_ITR_T1,_ITR_T1,GradientBoosting,4097878.7404459324
02.998.611/0001-04,2026-03-31 03:00:00,ITR,TARGET_EBITDA_ITR_T1,_ITR_T1,GradientBoosting,3952982.730274664
03.220.438/0001-73,2026-03-31 03:00:00,ITR,TARGET_EBITDA_ITR_T1,_ITR_T1,GradientBoosting,4926691.265152044
07.859.971/0001-30,2026-03-31 03:00:00,ITR,TARGET_EBITDA_ITR_T1,_ITR_T1,GradientBoosting,2384206.3569796584
10.629.105/0001-68,2026-03-31 03:00:00,ITR,TARGET_EBITDA_ITR_T1,_ITR_T1,GradientBoosting,4147478.293306993
16.404.287/0001-55,2026-03-31 03:00:00,ITR,TARGET_EBITDA_ITR_T1,_ITR_T1,GradientBoosting,5596543.52079389
16.590.234/0001-76,2026-03-31 03:00:00,ITR,TARGET_EBITDA_ITR_T1,_ITR_T1,GradientBoosting,1870442.2685163247
24.990.777/0001-09,2026-03-31 03:00:00,ITR,TARGET_EBITDA_ITR_T1,_ITR_T1,GradientBoosting,2667321.320838477
33.000.167/0001-01,2026-03-31 03:00:00,ITR,TARGET_EBITDA_ITR_T1,_ITR_T1,GradientBoosting,10591679.283056881
33.042.730/0001-04,2026-03-31 03:00:00,ITR,TARGET_EBITDA_ITR_T1,_ITR_T1,GradientBoosting,3820186.88487907
33.256.439/0001-39,2026-03-31 03:00:00,ITR,TARGET_EBITDA_ITR_T1,_ITR_T1,GradientBoosting,3415127.2079534587
33.592.510/0001-54,2026-03-31 03:00:00,ITR,TARGET_EBITDA_ITR_T1,_ITR_T1,GradientBoosting,6111568.285729456
33.611.500/0001-19,2026-03-31 03:00:00,ITR,TARGET_EBITDA_ITR_T1,_ITR_T1,GradientBoosting,3805654.7013486405
34.274.233/0001-02,2026-03-31 03:00:00,ITR,TARGET_EBITDA_ITR_T1,_ITR_T1,GradientBoosting,3803579.3519339063
47.960.950/0001-21,2026-03-31 03:00:00,ITR,TARGET_EBITDA_ITR_T1,_ITR_T1,GradientBoosting,2775569.367044004
53.113.791/0001-22,2026-03-31 03:00:00,ITR,TARGET_EBITDA_ITR_T1,_ITR_T1,GradientBoosting,3265381.8258094722
61.079.117/0001-05,2026-03-31 03:00:00,ITR,TARGET_EBITDA_ITR_T1,_ITR_T1,GradientBoosting,1683010.8179044535
81.243.735/0001-48,2026-03-31 03:00:00,ITR,TARGET_EBITDA_ITR_T1,_ITR_T1,GradientBoosting,582306.3728961981
82.901.000/0001-27,2026-03-31 03:00:00,ITR,TARGET_EBITDA_ITR_T1,_ITR_T1,GradientBoosting,805213.7927877558
84.429.695/0001-11,2026-03-31 03:00:00,ITR,TARGET_EBITDA_ITR_T1,_ITR_T1,GradientBoosting,4229536.913784008
89.637.490/0001-45,2026-03-31 03:00:00,ITR,TARGET_EBITDA_ITR_T1,_ITR_T1,GradientBoosting,3685736.006347185
92.754.738/0001-62,2026-03-31 03:00:00,ITR,TARGET_EBITDA_ITR_T1,_ITR_T1,GradientBoosting,2850722.921482336
02.429.144/0001-93,2026-03-31 03:00:00,ITR,TARGET_EBITDA_ITR_T2,_ITR_T2,GradientBoosting,9311233.165630126
02.474.103/0001-19,2026-03-31 03:00:00,ITR,TARGET_EBITDA_ITR_T2,_ITR_T2,GradientBoosting,7754970.288646093
02.998.611/0001-04,2026-03-31 03:00:00,ITR,TARGET_EBITDA_ITR_T2,_ITR_T2,GradientBoosting,6789460.377884199
03.220.438/0001-73,2026-03-31 03:00:00,ITR,TARGET_EBITDA_ITR_T2,_ITR_T2,GradientBoosting,10494758.765500562
07.859.971/0001-30,2026-03-31 03:00:00,ITR,TARGET_EBITDA_ITR_T2,_ITR_T2,GradientBoosting,5503835.386514239
10.629.105/0001-68,2026-03-31 03:00:00,ITR,TARGET_EBITDA_ITR_T2,_ITR_T2,GradientBoosting,7515030.555286894
16.404.287/0001-55,2026-03-31 03:00:00,ITR,TARGET_EBITDA_ITR_T2,_ITR_T2,GradientBoosting,9388981.168550195
16.590.234/0001-76,2026-03-31 03:00:00,ITR,TARGET_EBITDA_ITR_T2,_ITR_T2,GradientBoosting,2916044.4325491013
24.990.777/0001-09,2026-03-31 03:00:00,ITR,TARGET_EBITDA_ITR_T2,_ITR_T2,GradientBoosting,3796095.1265655486
33.000.167/0001-01,2026-03-31 03:00:00,ITR,TARGET_EBITDA_ITR_T2,_ITR_T2,GradientBoosting,16481456.640397577
33.042.730/0001-04,2026-03-31 03:00:00,ITR,TARGET_EBITDA_ITR_T2,_ITR_T2,GradientBoosting,8925490.975043114
33.256.439/0001-39,2026-03-31 03:00:00,ITR,TARGET_EBITDA_ITR_T2,_ITR_T2,GradientBoosting,6844615.405808431
33.592.510/0001-54,2026-03-31 03:00:00,ITR,TARGET_EBITDA_ITR_T2,_ITR_T2,GradientBoosting,10916658.033251887
33.611.500/0001-19,2026-03-31 03:00:00,ITR,TARGET_EBITDA_ITR_T2,_ITR_T2,GradientBoosting,6713363.437533773
34.274.233/0001-02,2026-03-31 03:00:00,ITR,TARGET_EBITDA_ITR_T2,_ITR_T2,GradientBoosting,6701487.6519218115
47.960.950/0001-21,2026-03-31 03:00:00,ITR,TARGET_EBITDA_ITR_T2,_ITR_T2,GradientBoosting,4255121.5689695
53.113.791/0001-22,2026-03-31 03:00:00,ITR,TARGET_EBITDA_ITR_T2,_ITR_T2,GradientBoosting,3596711.1669069887
61.079.117/0001-05,2026-03-31 03:00:00,ITR,TARGET_EBITDA_ITR_T2,_ITR_T2,GradientBoosting,2698379.9684745623
81.243.735/0001-48,2026-03-31 03:00:00,ITR,TARGET_EBITDA_ITR_T2,_ITR_T2,GradientBoosting,1416016.0073054796
82.901.000/0001-27,2026-03-31 03:00:00,ITR,TARGET_EBITDA_ITR_T2,_ITR_T2,GradientBoosting,1596903.6876354287
84.429.695/0001-11,2026-03-31 03:00:00,ITR,TARGET_EBITDA_ITR_T2,_ITR_T2,GradientBoosting,4662610.8382089995
89.637.490/0001-45,2026-03-31 03:00:00,ITR,TARGET_EBITDA_ITR_T2,_ITR_T2,GradientBoosting,6728334.987614313
92.754.738/0001-62,2026-03-31 03:00:00,ITR,TARGET_EBITDA_ITR_T2,_ITR_T2,GradientBoosting,3420779.1152880564
02.429.144/0001-93,2026-03-31 03:00:00,ITR,TARGET_EBITDA_ITR_T3,_ITR_T3,GradientBoosting,5674882.571627513
02.474.103/0001-19,2026-03-31 03:00:00,ITR,TARGET_EBITDA_ITR_T3,_ITR_T3,GradientBoosting,4553186.996927421
02.998.611/0001-04,2026-03-31 03:00:00,ITR,TARGET_EBITDA_ITR_T3,_ITR_T3,GradientBoosting,4246043.424555961
03.220.438/0001-73,2026-03-31 03:00:00,ITR,TARGET_EBITDA_ITR_T3,_ITR_T3,GradientBoosting,5685437.4430520125
07.859.971/0001-30,2026-03-31 03:00:00,ITR,TARGET_EBITDA_ITR_T3,_ITR_T3,GradientBoosting,4169503.617593129
10.629.105/0001-68,2026-03-31 03:00:00,ITR,TARGET_EBITDA_ITR_T3,_ITR_T3,GradientBoosting,4678602.1222506
16.404.287/0001-55,2026-03-31 03:00:00,ITR,TARGET_EBITDA_ITR_T3,_ITR_T3,GradientBoosting,5570743.29115528
16.590.234/0001-76,2026-03-31 03:00:00,ITR,TARGET_EBITDA_ITR_T3,_ITR_T3,GradientBoosting,1376741.3596490973
24.990.777/0001-09,2026-03-31 03:00:00,ITR,TARGET_EBITDA_ITR_T3,_ITR_T3,GradientBoosting,1633568.6214389773
33.000.167/0001-01,2026-03-31 03:00:00,ITR,TARGET_EBITDA_ITR_T3,_ITR_T3,GradientBoosting,12517000.078101574
33.042.730/0001-04,2026-03-31 03:00:00,ITR,TARGET_EBITDA_ITR_T3,_ITR_T3,GradientBoosting,4870678.068887288
33.256.439/0001-39,2026-03-31 03:00:00,ITR,TARGET_EBITDA_ITR_T3,_ITR_T3,GradientBoosting,4294445.184003821
33.592.510/0001-54,2026-03-31 03:00:00,ITR,TARGET_EBITDA_ITR_T3,_ITR_T3,GradientBoosting,8152985.638693655
33.611.500/0001-19,2026-03-31 03:00:00,ITR,TARGET_EBITDA_ITR_T3,_ITR_T3,GradientBoosting,4667265.337282578
34.274.233/0001-02,2026-03-31 03:00:00,ITR,TARGET_EBITDA_ITR_T3,_ITR_T3,GradientBoosting,4509803.836363773
47.960.950/0001-21,2026-03-31 03:00:00,ITR,TARGET_EBITDA_ITR_T3,_ITR_T3,GradientBoosting,1807699.7941832722
53.113.791/0001-22,2026-03-31 03:00:00,ITR,TARGET_EBITDA_ITR_T3,_ITR_T3,GradientBoosting,1456896.1026961089
61.079.117/0001-05,2026-03-31 03:00:00,ITR,TARGET_EBITDA_ITR_T3,_ITR_T3,GradientBoosting,1369435.860580351
81.243.735/0001-48,2026-03-31 03:00:00,ITR,TARGET_EBITDA_ITR_T3,_ITR_T3,GradientBoosting,843440.6727258918
82.901.000/0001-27,2026-03-31 03:00:00,ITR,TARGET_EBITDA_ITR_T3,_ITR_T3,GradientBoosting,1317659.1614072903
84.429.695/0001-11,2026-03-31 03:00:00,ITR,TARGET_EBITDA_ITR_T3,_ITR_T3,GradientBoosting,4748184.944086297
89.637.490/0001-45,2026-03-31 03:00:00,ITR,TARGET_EBITDA_ITR_T3,_ITR_T3,GradientBoosting,4652118.01124251
92.754.738/0001-62,2026-03-31 03:00:00,ITR,TARGET_EBITDA_ITR_T3,_ITR_T3,GradientBoosting,1608862.0339828269
02.429.144/0001-93,2026-03-31 03:00:00,ITR,TARGET_EBITDA_DFP,_DFP,GradientBoosting,23998931.73725767
02.474.103/0001-19,2026-03-31 03:00:00,ITR,TARGET_EBITDA_DFP,_DFP,GradientBoosting,16906894.57370349
02.998.611/0001-04,2026-03-31 03:00:00,ITR,TARGET_EBITDA_DFP,_DFP,GradientBoosting,16178116.006455822
03.220.438/0001-73,2026-03-31 03:00:00,ITR,TARGET_EBITDA_DFP,_DFP,GradientBoosting,24182096.40933077
07.859.971/0001-30,2026-03-31 03:00:00,ITR,TARGET_EBITDA_DFP,_DFP,GradientBoosting,10812722.955024904
10.629.105/0001-68,2026-03-31 03:00:00,ITR,TARGET_EBITDA_DFP,_DFP,GradientBoosting,22401121.186011616
16.404.287/0001-55,2026-03-31 03:00:00,ITR,TARGET_EBITDA_DFP,_DFP,GradientBoosting,26250739.19524814
16.590.234/0001-76,2026-03-31 03:00:00,ITR,TARGET_EBITDA_DFP,_DFP,GradientBoosting,4927494.305235785
24.990.777/0001-09,2026-03-31 03:00:00,ITR,TARGET_EBITDA_DFP,_DFP,GradientBoosting,6059029.3561004065
33.000.167/0001-01,2026-03-31 03:00:00,ITR,TARGET_EBITDA_DFP,_DFP,GradientBoosting,34699260.561742544
33.042.730/0001-04,2026-03-31 03:00:00,ITR,TARGET_EBITDA_DFP,_DFP,GradientBoosting,18430056.899647985
33.256.439/0001-39,2026-03-31 03:00:00,ITR,TARGET_EBITDA_DFP,_DFP,GradientBoosting,17112117.247384887
33.592.510/0001-54,2026-03-31 03:00:00,ITR,TARGET_EBITDA_DFP,_DFP,GradientBoosting,30817759.889054004
33.611.500/0001-19,2026-03-31 03:00:00,ITR,TARGET_EBITDA_DFP,_DFP,GradientBoosting,17080037.911816567
34.274.233/0001-02,2026-03-31 03:00:00,ITR,TARGET_EBITDA_DFP,_DFP,GradientBoosting,18303245.74371432
47.960.950/0001-21,2026-03-31 03:00:00,ITR,TARGET_EBITDA_DFP,_DFP,GradientBoosting,6145622.828575151
53.113.791/0001-22,2026-03-31 03:00:00,ITR,TARGET_EBITDA_DFP,_DFP,GradientBoosting,5489825.359320039
61.079.117/0001-05,2026-03-31 03:00:00,ITR,TARGET_EBITDA_DFP,_DFP,GradientBoosting,4214671.241238058
81.243.735/0001-48,2026-03-31 03:00:00,ITR,TARGET_EBITDA_DFP,_DFP,GradientBoosting,1645072.9922102247
82.901.000/0001-27,2026-03-31 03:00:00,ITR,TARGET_EBITDA_DFP,_DFP,GradientBoosting,3060484.052411921
84.429.695/0001-11,2026-03-31 03:00:00,ITR,TARGET_EBITDA_DFP,_DFP,GradientBoosting,7638255.025765531
89.637.490/0001-45,2026-03-31 03:00:00,ITR,TARGET_EBITDA_DFP,_DFP,GradientBoosting,17880413.730573826
92.754.738/0001-62,2026-03-31 03:00:00,ITR,TARGET_EBITDA_DFP,_DFP,GradientBoosting,5935521.765247224
02.429.144/0001-93,2026-03-31 03:00:00,ITR,TARGET_BPA_1_ITR_T1,_ITR_T1,RandomForest,16125703.960674597
02.474.103/0001-19,2026-03-31 03:00:00,ITR,TARGET_BPA_1_ITR_T1,_ITR_T1,RandomForest,16125703.960674597
02.998.611/0001-04,2026-03-31 03:00:00,ITR,TARGET_BPA_1_ITR_T1,_ITR_T1,RandomForest,16284505.519639391
03.220.438/0001-73,2026-03-31 03:00:00,ITR,TARGET_BPA_1_ITR_T1,_ITR_T1,RandomForest,16458892.52887765
07.859.971/0001-30,2026-03-31 03:00:00,ITR,TARGET_BPA_1_ITR_T1,_ITR_T1,RandomForest,14629856.840042336
10.629.105/0001-68,2026-03-31 03:00:00,ITR,TARGET_BPA_1_ITR_T1,_ITR_T1,RandomForest,16037060.129788602
16.404.287/0001-55,2026-03-31 03:00:00,ITR,TARGET_BPA_1_ITR_T1,_ITR_T1,RandomForest,18668529.30247916
16.590.234/0001-76,2026-03-31 03:00:00,ITR,TARGET_BPA_1_ITR_T1,_ITR_T1,RandomForest,11384077.807833105
24.990.777/0001-09,2026-03-31 03:00:00,ITR,TARGET_BPA_1_ITR_T1,_ITR_T1,RandomForest,15836403.5137452
33.000.167/0001-01,2026-03-31 03:00:00,ITR,TARGET_BPA_1_ITR_T1,_ITR_T1,RandomForest,204284180.0355449
33.042.730/0001-04,2026-03-31 03:00:00,ITR,TARGET_BPA_1_ITR_T1,_ITR_T1,RandomForest,17618035.443201225
33.256.439/0001-39,2026-03-31 03:00:00,ITR,TARGET_BPA_1_ITR_T1,_ITR_T1,RandomForest,16167112.184393441
33.592.510/0001-54,2026-03-31 03:00:00,ITR,TARGET_BPA_1_ITR_T1,_ITR_T1,RandomForest,110662825.60098502
33.611.500/0001-19,2026-03-31 03:00:00,ITR,TARGET_BPA_1_ITR_T1,_ITR_T1,RandomForest,18595466.529415224
34.274.233/0001-02,2026-03-31 03:00:00,ITR,TARGET_BPA_1_ITR_T1,_ITR_T1,RandomForest,16078240.730368456
47.960.950/0001-21,2026-03-31 03:00:00,ITR,TARGET_BPA_1_ITR_T1,_ITR_T1,RandomForest,14220817.84703122
53.113.791/0001-22,2026-03-31 03:00:00,ITR,TARGET_BPA_1_ITR_T1,_ITR_T1,RandomForest,14726353.52342072
61.079.117/0001-05,2026-03-31 03:00:00,ITR,TARGET_BPA_1_ITR_T1,_ITR_T1,RandomForest,8630365.425014555
81.243.735/0001-48,2026-03-31 03:00:00,ITR,TARGET_BPA_1_ITR_T1,_ITR_T1,RandomForest,4866396.596999374
82.901.000/0001-27,2026-03-31 03:00:00,ITR,TARGET_BPA_1_ITR_T1,_ITR_T1,RandomForest,9342368.247054692
84.429.695/0001-11,2026-03-31 03:00:00,ITR,TARGET_BPA_1_ITR_T1,_ITR_T1,RandomForest,66261603.90176481
89.637.490/0001-45,2026-03-31 03:00:00,ITR,TARGET_BPA_1_ITR_T1,_ITR_T1,RandomForest,17696384.465744574
92.754.738/0001-62,2026-03-31 03:00:00,ITR,TARGET_BPA_1_ITR_T1,_ITR_T1,RandomForest,15655476.707119975
02.429.144/0001-93,2026-03-31 03:00:00,ITR,TARGET_BPA_1_ITR_T2,_ITR_T2,GradientBoosting,25823836.440587528
02.474.103/0001-19,2026-03-31 03:00:00,ITR,TARGET_BPA_1_ITR_T2,_ITR_T2,GradientBoosting,19748020.460410528
02.998.611/0001-04,2026-03-31 03:00:00,ITR,TARGET_BPA_1_ITR_T2,_ITR_T2,GradientBoosting,15039049.269664122
03.220.438/0001-73,2026-03-31 03:00:00,ITR,TARGET_BPA_1_ITR_T2,_ITR_T2,GradientBoosting,27426210.783829838
07.859.971/0001-30,2026-03-31 03:00:00,ITR,TARGET_BPA_1_ITR_T2,_ITR_T2,GradientBoosting,14246907.94216546
10.629.105/0001-68,2026-03-31 03:00:00,ITR,TARGET_BPA_1_ITR_T2,_ITR_T2,GradientBoosting,18523629.294879477
16.404.287/0001-55,2026-03-31 03:00:00,ITR,TARGET_BPA_1_ITR_T2,_ITR_T2,GradientBoosting,24974199.56555888
16.590.234/0001-76,2026-03-31 03:00:00,ITR,TARGET_BPA_1_ITR_T2,_ITR_T2,GradientBoosting,8300710.752273701
24.990.777/0001-09,2026-03-31 03:00:00,ITR,TARGET_BPA_1_ITR_T2,_ITR_T2,GradientBoosting,15031543.095670573
33.000.167/0001-01,2026-03-31 03:00:00,ITR,TARGET_BPA_1_ITR_T2,_ITR_T2,GradientBoosting,233868915.19695067
33.042.730/0001-04,2026-03-31 03:00:00,ITR,TARGET_BPA_1_ITR_T2,_ITR_T2,GradientBoosting,23056871.181953933
33.256.439/0001-39,2026-03-31 03:00:00,ITR,TARGET_BPA_1_ITR_T2,_ITR_T2,GradientBoosting,13820133.821952991
33.592.510/0001-54,2026-03-31 03:00:00,ITR,TARGET_BPA_1_ITR_T2,_ITR_T2,GradientBoosting,113823574.58734272
33.611.500/0001-19,2026-03-31 03:00:00,ITR,TARGET_BPA_1_ITR_T2,_ITR_T2,GradientBoosting,16268617.608398218
34.274.233/0001-02,2026-03-31 03:00:00,ITR,TARGET_BPA_1_ITR_T2,_ITR_T2,GradientBoosting,19893083.323234517
47.960.950/0001-21,2026-03-31 03:00:00,ITR,TARGET_BPA_1_ITR_T2,_ITR_T2,GradientBoosting,21517310.007367242
53.113.791/0001-22,2026-03-31 03:00:00,ITR,TARGET_BPA_1_ITR_T2,_ITR_T2,GradientBoosting,10200654.393670905
61.079.117/0001-05,2026-03-31 03:00:00,ITR,TARGET_BPA_1_ITR_T2,_ITR_T2,GradientBoosting,6116850.206396926
81.243.735/0001-48,2026-03-31 03:00:00,ITR,TARGET_BPA_1_ITR_T2,_ITR_T2,GradientBoosting,4905267.532804977
82.901.000/0001-27,2026-03-31 03:00:00,ITR,TARGET_BPA_1_ITR_T2,_ITR_T2,GradientBoosting,5811838.428983238
84.429.695/0001-11,2026-03-31 03:00:00,ITR,TARGET_BPA_1_ITR_T2,_ITR_T2,GradientBoosting,61902386.96007345
89.637.490/0001-45,2026-03-31 03:00:00,ITR,TARGET_BPA_1_ITR_T2,_ITR_T2,GradientBoosting,18100527.460018262
92.754.738/0001-62,2026-03-31 03:00:00,ITR,TARGET_BPA_1_ITR_T2,_ITR_T2,GradientBoosting,14771422.563497005
02.429.144/0001-93,2026-03-31 03:00:00,ITR,TARGET_BPA_1_ITR_T3,_ITR_T3,GradientBoosting,20260867.311439484
02.474.103/0001-19,2026-03-31 03:00:00,ITR,TARGET_BPA_1_ITR_T3,_ITR_T3,GradientBoosting,18810927.708529476
02.998.611/0001-04,2026-03-31 03:00:00,ITR,TARGET_BPA_1_ITR_T3,_ITR_T3,GradientBoosting,16984279.126886673
03.220.438/0001-73,2026-03-31 03:00:00,ITR,TARGET_BPA_1_ITR_T3,_ITR_T3,GradientBoosting,21157097.780718338
07.859.971/0001-30,2026-03-31 03:00:00,ITR,TARGET_BPA_1_ITR_T3,_ITR_T3,GradientBoosting,15606441.57763336
10.629.105/0001-68,2026-03-31 03:00:00,ITR,TARGET_BPA_1_ITR_T3,_ITR_T3,GradientBoosting,19346303.29351007
16.404.287/0001-55,2026-03-31 03:00:00,ITR,TARGET_BPA_1_ITR_T3,_ITR_T3,GradientBoosting,22806533.640086062
16.590.234/0001-76,2026-03-31 03:00:00,ITR,TARGET_BPA_1_ITR_T3,_ITR_T3,GradientBoosting,13604258.72594795
24.990.777/0001-09,2026-03-31 03:00:00,ITR,TARGET_BPA_1_ITR_T3,_ITR_T3,GradientBoosting,15990656.439024342
33.000.167/0001-01,2026-03-31 03:00:00,ITR,TARGET_BPA_1_ITR_T3,_ITR_T3,GradientBoosting,216490973.9875918
33.042.730/0001-04,2026-03-31 03:00:00,ITR,TARGET_BPA_1_ITR_T3,_ITR_T3,GradientBoosting,20410509.145574804
33.256.439/0001-39,2026-03-31 03:00:00,ITR,TARGET_BPA_1_ITR_T3,_ITR_T3,GradientBoosting,18954546.251521688
33.592.510/0001-54,2026-03-31 03:00:00,ITR,TARGET_BPA_1_ITR_T3,_ITR_T3,GradientBoosting,57428637.088036165
33.611.500/0001-19,2026-03-31 03:00:00,ITR,TARGET_BPA_1_ITR_T3,_ITR_T3,GradientBoosting,20280697.28298894
34.274.233/0001-02,2026-03-31 03:00:00,ITR,TARGET_BPA_1_ITR_T3,_ITR_T3,GradientBoosting,20097299.740695044
47.960.950/0001-21,2026-03-31 03:00:00,ITR,TARGET_BPA_1_ITR_T3,_ITR_T3,GradientBoosting,17217475.342580665
53.113.791/0001-22,2026-03-31 03:00:00,ITR,TARGET_BPA_1_ITR_T3,_ITR_T3,GradientBoosting,13041606.366906667
61.079.117/0001-05,2026-03-31 03:00:00,ITR,TARGET_BPA_1_ITR_T3,_ITR_T3,GradientBoosting,10181174.731246784
81.243.735/0001-48,2026-03-31 03:00:00,ITR,TARGET_BPA_1_ITR_T3,_ITR_T3,GradientBoosting,8775498.556227664
82.901.000/0001-27,2026-03-31 03:00:00,ITR,TARGET_BPA_1_ITR_T3,_ITR_T3,GradientBoosting,11027331.686362907
84.429.695/0001-11,2026-03-31 03:00:00,ITR,TARGET_BPA_1_ITR_T3,_ITR_T3,GradientBoosting,69381134.1356097
89.637.490/0001-45,2026-03-31 03:00:00,ITR,TARGET_BPA_1_ITR_T3,_ITR_T3,GradientBoosting,20247192.426408812
92.754.738/0001-62,2026-03-31 03:00:00,ITR,TARGET_BPA_1_ITR_T3,_ITR_T3,GradientBoosting,16185243.263783395
02.429.144/0001-93,2026-03-31 03:00:00,ITR,TARGET_BPA_1_DFP,_DFP,GradientBoosting,23488399.107892763
02.474.103/0001-19,2026-03-31 03:00:00,ITR,TARGET_BPA_1_DFP,_DFP,GradientBoosting,19857286.416332632
02.998.611/0001-04,2026-03-31 03:00:00,ITR,TARGET_BPA_1_DFP,_DFP,GradientBoosting,18480686.875759922
03.220.438/0001-73,2026-03-31 03:00:00,ITR,TARGET_BPA_1_DFP,_DFP,GradientBoosting,25606384.145376366
07.859.971/0001-30,2026-03-31 03:00:00,ITR,TARGET_BPA_1_DFP,_DFP,GradientBoosting,17319634.96573817
10.629.105/0001-68,2026-03-31 03:00:00,ITR,TARGET_BPA_1_DFP,_DFP,GradientBoosting,20601936.644095056
16.404.287/0001-55,2026-03-31 03:00:00,ITR,TARGET_BPA_1_DFP,_DFP,GradientBoosting,24335167.218240164
16.590.234/0001-76,2026-03-31 03:00:00,ITR,TARGET_BPA_1_DFP,_DFP,GradientBoosting,13495047.88728277
24.990.777/0001-09,2026-03-31 03:00:00,ITR,TARGET_BPA_1_DFP,_DFP,GradientBoosting,19926657.489803366
33.000.167/0001-01,2026-03-31 03:00:00,ITR,TARGET_BPA_1_DFP,_DFP,GradientBoosting,335009792.4701891
33.042.730/0001-04,2026-03-31 03:00:00,ITR,TARGET_BPA_1_DFP,_DFP,GradientBoosting,22241569.60361659
33.256.439/0001-39,2026-03-31 03:00:00,ITR,TARGET_BPA_1_DFP,_DFP,GradientBoosting,22077594.93594754
33.592.510/0001-54,2026-03-31 03:00:00,ITR,TARGET_BPA_1_DFP,_DFP,GradientBoosting,76942777.45094448
33.611.500/0001-19,2026-03-31 03:00:00,ITR,TARGET_BPA_1_DFP,_DFP,GradientBoosting,23537878.889498163
34.274.233/0001-02,2026-03-31 03:00:00,ITR,TARGET_BPA_1_DFP,_DFP,GradientBoosting,23122328.50120066
47.960.950/0001-21,2026-03-31 03:00:00,ITR,TARGET_BPA_1_DFP,_DFP,GradientBoosting,21284801.020520806
53.113.791/0001-22,2026-03-31 03:00:00,ITR,TARGET_BPA_1_DFP,_DFP,GradientBoosting,12329290.012164647
61.079.117/0001-05,2026-03-31 03:00:00,ITR,TARGET_BPA_1_DFP,_DFP,GradientBoosting,11139695.506293587
81.243.735/0001-48,2026-03-31 03:00:00,ITR,TARGET_BPA_1_DFP,_DFP,GradientBoosting,8418184.304180797
82.901.000/0001-27,2026-03-31 03:00:00,ITR,TARGET_BPA_1_DFP,_DFP,GradientBoosting,10344854.21833542
84.429.695/0001-11,2026-03-31 03:00:00,ITR,TARGET_BPA_1_DFP,_DFP,GradientBoosting,66177778.929908715
89.637.490/0001-45,2026-03-31 03:00:00,ITR,TARGET_BPA_1_DFP,_DFP,GradientBoosting,22679143.554024197
92.754.738/0001-62,2026-03-31 03:00:00,ITR,TARGET_BPA_1_DFP,_DFP,GradientBoosting,18514928.31811961
02.429.144/0001-93,2026-03-31 03:00:00,ITR,TARGET_BPA_1.01_ITR_T1,_ITR_T1,RandomForest,20448911.284691364
02.474.103/0001-19,2026-03-31 03:00:00,ITR,TARGET_BPA_1.01_ITR_T1,_ITR_T1,RandomForest,9273989.735370483
02.998.611/0001-04,2026-03-31 03:00:00,ITR,TARGET_BPA_1.01_ITR_T1,_ITR_T1,RandomForest,6873924.043601889
03.220.438/0001-73,2026-03-31 03:00:00,ITR,TARGET_BPA_1.01_ITR_T1,_ITR_T1,RandomForest,39618726.86951855
07.859.971/0001-30,2026-03-31 03:00:00,ITR,TARGET_BPA_1.01_ITR_T1,_ITR_T1,RandomForest,3739586.269408066
10.629.105/0001-68,2026-03-31 03:00:00,ITR,TARGET_BPA_1.01_ITR_T1,_ITR_T1,RandomForest,9453763.266805697
16.404.287/0001-55,2026-03-31 03:00:00,ITR,TARGET_BPA_1.01_ITR_T1,_ITR_T1,RandomForest,34684115.832656465
16.590.234/0001-76,2026-03-31 03:00:00,ITR,TARGET_BPA_1.01_ITR_T1,_ITR_T1,RandomForest,6515468.417050783
24.990.777/0001-09,2026-03-31 03:00:00,ITR,TARGET_BPA_1.01_ITR_T1,_ITR_T1,RandomForest,13685711.227394825
33.000.167/0001-01,2026-03-31 03:00:00,ITR,TARGET_BPA_1.01_ITR_T1,_ITR_T1,RandomForest,160371068.92244193
33.042.730/0001-04,2026-03-31 03:00:00,ITR,TARGET_BPA_1.01_ITR_T1,_ITR_T1,RandomForest,31495231.472264506
33.256.439/0001-39,2026-03-31 03:00:00,ITR,TARGET_BPA_1.01_ITR_T1,_ITR_T1,RandomForest,20715787.981102288
33.592.510/0001-54,2026-03-31 03:00:00,ITR,TARGET_BPA_1.01_ITR_T1,_ITR_T1,RandomForest,94947949.8275509
33.611.500/0001-19,2026-03-31 03:00:00,ITR,TARGET_BPA_1.01_ITR_T1,_ITR_T1,RandomForest,31509380.957009472
34.274.233/0001-02,2026-03-31 03:00:00,ITR,TARGET_BPA_1.01_ITR_T1,_ITR_T1,RandomForest,27919361.62569192
47.960.950/0001-21,2026-03-31 03:00:00,ITR,TARGET_BPA_1.01_ITR_T1,_ITR_T1,RandomForest,19885753.495423444
53.113.791/0001-22,2026-03-31 03:00:00,ITR,TARGET_BPA_1.01_ITR_T1,_ITR_T1,RandomForest,3766229.462004256
61.079.117/0001-05,2026-03-31 03:00:00,ITR,TARGET_BPA_1.01_ITR_T1,_ITR_T1,RandomForest,3486052.4235186176
81.243.735/0001-48,2026-03-31 03:00:00,ITR,TARGET_BPA_1.01_ITR_T1,_ITR_T1,RandomForest,2868909.985549083
82.901.000/0001-27,2026-03-31 03:00:00,ITR,TARGET_BPA_1.01_ITR_T1,_ITR_T1,RandomForest,3767655.641677698
84.429.695/0001-11,2026-03-31 03:00:00,ITR,TARGET_BPA_1.01_ITR_T1,_ITR_T1,RandomForest,40895851.08957805
89.637.490/0001-45,2026-03-31 03:00:00,ITR,TARGET_BPA_1.01_ITR_T1,_ITR_T1,RandomForest,15619998.481529009
92.754.738/0001-62,2026-03-31 03:00:00,ITR,TARGET_BPA_1.01_ITR_T1,_ITR_T1,RandomForest,10160613.270480797
02.429.144/0001-93,2026-03-31 03:00:00,ITR,TARGET_BPA_1.01_ITR_T2,_ITR_T2,RandomForest,7187357.525221412
02.474.103/0001-19,2026-03-31 03:00:00,ITR,TARGET_BPA_1.01_ITR_T2,_ITR_T2,RandomForest,7141873.440459771
02.998.611/0001-04,2026-03-31 03:00:00,ITR,TARGET_BPA_1.01_ITR_T2,_ITR_T2,RandomForest,7107849.377500237
03.220.438/0001-73,2026-03-31 03:00:00,ITR,TARGET_BPA_1.01_ITR_T2,_ITR_T2,RandomForest,7153116.774979513
07.859.971/0001-30,2026-03-31 03:00:00,ITR,TARGET_BPA_1.01_ITR_T2,_ITR_T2,RandomForest,5124434.764381473
10.629.105/0001-68,2026-03-31 03:00:00,ITR,TARGET_BPA_1.01_ITR_T2,_ITR_T2,RandomForest,7141873.440459771
16.404.287/0001-55,2026-03-31 03:00:00,ITR,TARGET_BPA_1.01_ITR_T2,_ITR_T2,RandomForest,7141873.440459771
16.590.234/0001-76,2026-03-31 03:00:00,ITR,TARGET_BPA_1.01_ITR_T2,_ITR_T2,RandomForest,6713838.12155064
24.990.777/0001-09,2026-03-31 03:00:00,ITR,TARGET_BPA_1.01_ITR_T2,_ITR_T2,RandomForest,7299093.2330458015
33.000.167/0001-01,2026-03-31 03:00:00,ITR,TARGET_BPA_1.01_ITR_T2,_ITR_T2,RandomForest,16219669.085500406
33.042.730/0001-04,2026-03-31 03:00:00,ITR,TARGET_BPA_1.01_ITR_T2,_ITR_T2,RandomForest,7051435.9271677155
33.256.439/0001-39,2026-03-31 03:00:00,ITR,TARGET_BPA_1.01_ITR_T2,_ITR_T2,RandomForest,7460585.526672938
33.592.510/0001-54,2026-03-31 03:00:00,ITR,TARGET_BPA_1.01_ITR_T2,_ITR_T2,RandomForest,9713853.257500637
33.611.500/0001-19,2026-03-31 03:00:00,ITR,TARGET_BPA_1.01_ITR_T2,_ITR_T2,RandomForest,7403832.61006504
34.274.233/0001-02,2026-03-31 03:00:00,ITR,TARGET_BPA_1.01_ITR_T2,_ITR_T2,RandomForest,7496298.077193429
47.960.950/0001-21,2026-03-31 03:00:00,ITR,TARGET_BPA_1.01_ITR_T2,_ITR_T2,RandomForest,7072342.340159273
53.113.791/0001-22,2026-03-31 03:00:00,ITR,TARGET_BPA_1.01_ITR_T2,_ITR_T2,RandomForest,7026861.829519734
61.079.117/0001-05,2026-03-31 03:00:00,ITR,TARGET_BPA_1.01_ITR_T2,_ITR_T2,RandomForest,6724500.560474263
81.243.735/0001-48,2026-03-31 03:00:00,ITR,TARGET_BPA_1.01_ITR_T2,_ITR_T2,RandomForest,2048855.3948108964
82.901.000/0001-27,2026-03-31 03:00:00,ITR,TARGET_BPA_1.01_ITR_T2,_ITR_T2,RandomForest,6693216.5629667705
84.429.695/0001-11,2026-03-31 03:00:00,ITR,TARGET_BPA_1.01_ITR_T2,_ITR_T2,RandomForest,10978196.012033101
89.637.490/0001-45,2026-03-31 03:00:00,ITR,TARGET_BPA_1.01_ITR_T2,_ITR_T2,RandomForest,7496298.077193429
92.754.738/0001-62,2026-03-31 03:00:00,ITR,TARGET_BPA_1.01_ITR_T2,_ITR_T2,RandomForest,7000995.574917345
02.429.144/0001-93,2026-03-31 03:00:00,ITR,TARGET_BPA_1.01_ITR_T3,_ITR_T3,GradientBoosting,9029495.913373433
02.474.103/0001-19,2026-03-31 03:00:00,ITR,TARGET_BPA_1.01_ITR_T3,_ITR_T3,GradientBoosting,6665138.232879334
02.998.611/0001-04,2026-03-31 03:00:00,ITR,TARGET_BPA_1.01_ITR_T3,_ITR_T3,GradientBoosting,6121780.579510497
03.220.438/0001-73,2026-03-31 03:00:00,ITR,TARGET_BPA_1.01_ITR_T3,_ITR_T3,GradientBoosting,9598380.016486201
07.859.971/0001-30,2026-03-31 03:00:00,ITR,TARGET_BPA_1.01_ITR_T3,_ITR_T3,GradientBoosting,5441880.31135451
10.629.105/0001-68,2026-03-31 03:00:00,ITR,TARGET_BPA_1.01_ITR_T3,_ITR_T3,GradientBoosting,5573931.186161291
16.404.287/0001-55,2026-03-31 03:00:00,ITR,TARGET_BPA_1.01_ITR_T3,_ITR_T3,GradientBoosting,7030418.636305129
16.590.234/0001-76,2026-03-31 03:00:00,ITR,TARGET_BPA_1.01_ITR_T3,_ITR_T3,GradientBoosting,6129975.118360362
24.990.777/0001-09,2026-03-31 03:00:00,ITR,TARGET_BPA_1.01_ITR_T3,_ITR_T3,GradientBoosting,8668621.411584
33.000.167/0001-01,2026-03-31 03:00:00,ITR,TARGET_BPA_1.01_ITR_T3,_ITR_T3,GradientBoosting,19882103.568806726
33.042.730/0001-04,2026-03-31 03:00:00,ITR,TARGET_BPA_1.01_ITR_T3,_ITR_T3,GradientBoosting,6875498.558878914
33.256.439/0001-39,2026-03-31 03:00:00,ITR,TARGET_BPA_1.01_ITR_T3,_ITR_T3,GradientBoosting,6483368.153052604
33.592.510/0001-54,2026-03-31 03:00:00,ITR,TARGET_BPA_1.01_ITR_T3,_ITR_T3,GradientBoosting,10962465.698858662
33.611.500/0001-19,2026-03-31 03:00:00,ITR,TARGET_BPA_1.01_ITR_T3,_ITR_T3,GradientBoosting,6760965.385594405
34.274.233/0001-02,2026-03-31 03:00:00,ITR,TARGET_BPA_1.01_ITR_T3,_ITR_T3,GradientBoosting,6898764.651865862
47.960.950/0001-21,2026-03-31 03:00:00,ITR,TARGET_BPA_1.01_ITR_T3,_ITR_T3,GradientBoosting,8773055.986008609
53.113.791/0001-22,2026-03-31 03:00:00,ITR,TARGET_BPA_1.01_ITR_T3,_ITR_T3,GradientBoosting,5616340.913602095
61.079.117/0001-05,2026-03-31 03:00:00,ITR,TARGET_BPA_1.01_ITR_T3,_ITR_T3,GradientBoosting,5099613.304257158
81.243.735/0001-48,2026-03-31 03:00:00,ITR,TARGET_BPA_1.01_ITR_T3,_ITR_T3,GradientBoosting,3659160.7641215897
82.901.000/0001-27,2026-03-31 03:00:00,ITR,TARGET_BPA_1.01_ITR_T3,_ITR_T3,GradientBoosting,5630616.781731303
84.429.695/0001-11,2026-03-31 03:00:00,ITR,TARGET_BPA_1.01_ITR_T3,_ITR_T3,GradientBoosting,13865577.114933109
89.637.490/0001-45,2026-03-31 03:00:00,ITR,TARGET_BPA_1.01_ITR_T3,_ITR_T3,GradientBoosting,6653181.981013
92.754.738/0001-62,2026-03-31 03:00:00,ITR,TARGET_BPA_1.01_ITR_T3,_ITR_T3,GradientBoosting,6657722.167346504
02.429.144/0001-93,2026-03-31 03:00:00,ITR,TARGET_BPA_1.01_DFP,_DFP,GradientBoosting,9718668.309304167
02.474.103/0001-19,2026-03-31 03:00:00,ITR,TARGET_BPA_1.01_DFP,_DFP,GradientBoosting,8167457.893401921
02.998.611/0001-04,2026-03-31 03:00:00,ITR,TARGET_BPA_1.01_DFP,_DFP,GradientBoosting,7085865.546469358
03.220.438/0001-73,2026-03-31 03:00:00,ITR,TARGET_BPA_1.01_DFP,_DFP,GradientBoosting,10446804.97344707
07.859.971/0001-30,2026-03-31 03:00:00,ITR,TARGET_BPA_1.01_DFP,_DFP,GradientBoosting,6111754.907167537
10.629.105/0001-68,2026-03-31 03:00:00,ITR,TARGET_BPA_1.01_DFP,_DFP,GradientBoosting,5602700.1849887455
16.404.287/0001-55,2026-03-31 03:00:00,ITR,TARGET_BPA_1.01_DFP,_DFP,GradientBoosting,8703927.309189387
16.590.234/0001-76,2026-03-31 03:00:00,ITR,TARGET_BPA_1.01_DFP,_DFP,GradientBoosting,6338715.217253721
24.990.777/0001-09,2026-03-31 03:00:00,ITR,TARGET_BPA_1.01_DFP,_DFP,GradientBoosting,9020862.914242418
33.000.167/0001-01,2026-03-31 03:00:00,ITR,TARGET_BPA_1.01_DFP,_DFP,GradientBoosting,52756728.6569636
33.042.730/0001-04,2026-03-31 03:00:00,ITR,TARGET_BPA_1.01_DFP,_DFP,GradientBoosting,8961336.026131218
33.256.439/0001-39,2026-03-31 03:00:00,ITR,TARGET_BPA_1.01_DFP,_DFP,GradientBoosting,9077504.962133558
33.592.510/0001-54,2026-03-31 03:00:00,ITR,TARGET_BPA_1.01_DFP,_DFP,GradientBoosting,25434099.322665963
33.611.500/0001-19,2026-03-31 03:00:00,ITR,TARGET_BPA_1.01_DFP,_DFP,GradientBoosting,9699442.608124316
34.274.233/0001-02,2026-03-31 03:00:00,ITR,TARGET_BPA_1.01_DFP,_DFP,GradientBoosting,9060467.237978656
47.960.950/0001-21,2026-03-31 03:00:00,ITR,TARGET_BPA_1.01_DFP,_DFP,GradientBoosting,9259243.869680237
53.113.791/0001-22,2026-03-31 03:00:00,ITR,TARGET_BPA_1.01_DFP,_DFP,GradientBoosting,7414506.92551874
61.079.117/0001-05,2026-03-31 03:00:00,ITR,TARGET_BPA_1.01_DFP,_DFP,GradientBoosting,5990499.232686974
81.243.735/0001-48,2026-03-31 03:00:00,ITR,TARGET_BPA_1.01_DFP,_DFP,GradientBoosting,1988566.0992758793
82.901.000/0001-27,2026-03-31 03:00:00,ITR,TARGET_BPA_1.01_DFP,_DFP,GradientBoosting,2745090.801530898
84.429.695/0001-11,2026-03-31 03:00:00,ITR,TARGET_BPA_1.01_DFP,_DFP,GradientBoosting,11625233.63020696
89.637.490/0001-45,2026-03-31 03:00:00,ITR,TARGET_BPA_1.01_DFP,_DFP,GradientBoosting,9331118.143393995
92.754.738/0001-62,2026-03-31 03:00:00,ITR,TARGET_BPA_1.01_DFP,_DFP,GradientBoosting,7388092.068630968
02.429.144/0001-93,2026-03-31 03:00:00,ITR,TARGET_BPP_2.01_ITR_T1,_ITR_T1,GradientBoosting,5865743.233315652
02.474.103/0001-19,2026-03-31 03:00:00,ITR,TARGET_BPP_2.01_ITR_T1,_ITR_T1,GradientBoosting,3719138.8220510613
02.998.611/0001-04,2026-03-31 03:00:00,ITR,TARGET_BPP_2.01_ITR_T1,_ITR_T1,GradientBoosting,2690265.8905874
03.220.438/0001-73,2026-03-31 03:00:00,ITR,TARGET_BPP_2.01_ITR_T1,_ITR_T1,GradientBoosting,5930134.637509193
07.859.971/0001-30,2026-03-31 03:00:00,ITR,TARGET_BPP_2.01_ITR_T1,_ITR_T1,GradientBoosting,1917599.208319805
10.629.105/0001-68,2026-03-31 03:00:00,ITR,TARGET_BPP_2.01_ITR_T1,_ITR_T1,GradientBoosting,3106839.9376835804
16.404.287/0001-55,2026-03-31 03:00:00,ITR,TARGET_BPP_2.01_ITR_T1,_ITR_T1,GradientBoosting,4063101.375103047
16.590.234/0001-76,2026-03-31 03:00:00,ITR,TARGET_BPP_2.01_ITR_T1,_ITR_T1,GradientBoosting,1423728.4589621304
24.990.777/0001-09,2026-03-31 03:00:00,ITR,TARGET_BPP_2.01_ITR_T1,_ITR_T1,GradientBoosting,3157025.3921903055
33.000.167/0001-01,2026-03-31 03:00:00,ITR,TARGET_BPP_2.01_ITR_T1,_ITR_T1,GradientBoosting,37474998.12734279
33.042.730/0001-04,2026-03-31 03:00:00,ITR,TARGET_BPP_2.01_ITR_T1,_ITR_T1,GradientBoosting,5229108.35321791
33.256.439/0001-39,2026-03-31 03:00:00,ITR,TARGET_BPP_2.01_ITR_T1,_ITR_T1,GradientBoosting,3582178.552292541
33.592.510/0001-54,2026-03-31 03:00:00,ITR,TARGET_BPP_2.01_ITR_T1,_ITR_T1,GradientBoosting,14891100.275981143
33.611.500/0001-19,2026-03-31 03:00:00,ITR,TARGET_BPP_2.01_ITR_T1,_ITR_T1,GradientBoosting,3736337.917276904
34.274.233/0001-02,2026-03-31 03:00:00,ITR,TARGET_BPP_2.01_ITR_T1,_ITR_T1,GradientBoosting,4154223.8177781855
47.960.950/0001-21,2026-03-31 03:00:00,ITR,TARGET_BPP_2.01_ITR_T1,_ITR_T1,GradientBoosting,4125749.4727512924
53.113.791/0001-22,2026-03-31 03:00:00,ITR,TARGET_BPP_2.01_ITR_T1,_ITR_T1,GradientBoosting,1769391.23326796
61.079.117/0001-05,2026-03-31 03:00:00,ITR,TARGET_BPP_2.01_ITR_T1,_ITR_T1,GradientBoosting,1114838.8157171921
81.243.735/0001-48,2026-03-31 03:00:00,ITR,TARGET_BPP_2.01_ITR_T1,_ITR_T1,GradientBoosting,817753.3646965511
82.901.000/0001-27,2026-03-31 03:00:00,ITR,TARGET_BPP_2.01_ITR_T1,_ITR_T1,GradientBoosting,914500.6006105376
84.429.695/0001-11,2026-03-31 03:00:00,ITR,TARGET_BPP_2.01_ITR_T1,_ITR_T1,GradientBoosting,10034138.16967425
89.637.490/0001-45,2026-03-31 03:00:00,ITR,TARGET_BPP_2.01_ITR_T1,_ITR_T1,GradientBoosting,3760939.7069617594
92.754.738/0001-62,2026-03-31 03:00:00,ITR,TARGET_BPP_2.01_ITR_T1,_ITR_T1,GradientBoosting,2541833.782134668
02.429.144/0001-93,2026-03-31 03:00:00,ITR,TARGET_BPP_2.01_ITR_T2,_ITR_T2,RandomForest,3398055.804880404
02.474.103/0001-19,2026-03-31 03:00:00,ITR,TARGET_BPP_2.01_ITR_T2,_ITR_T2,RandomForest,3256761.886551007
02.998.611/0001-04,2026-03-31 03:00:00,ITR,TARGET_BPP_2.01_ITR_T2,_ITR_T2,RandomForest,3258322.601822308
03.220.438/0001-73,2026-03-31 03:00:00,ITR,TARGET_BPP_2.01_ITR_T2,_ITR_T2,RandomForest,3398055.804880404
07.859.971/0001-30,2026-03-31 03:00:00,ITR,TARGET_BPP_2.01_ITR_T2,_ITR_T2,RandomForest,1943269.737825552
10.629.105/0001-68,2026-03-31 03:00:00,ITR,TARGET_BPP_2.01_ITR_T2,_ITR_T2,RandomForest,3143152.4649873856
16.404.287/0001-55,2026-03-31 03:00:00,ITR,TARGET_BPP_2.01_ITR_T2,_ITR_T2,RandomForest,3286836.32752556
16.590.234/0001-76,2026-03-31 03:00:00,ITR,TARGET_BPP_2.01_ITR_T2,_ITR_T2,RandomForest,2364944.167865784
24.990.777/0001-09,2026-03-31 03:00:00,ITR,TARGET_BPP_2.01_ITR_T2,_ITR_T2,RandomForest,3382217.045770927
33.000.167/0001-01,2026-03-31 03:00:00,ITR,TARGET_BPP_2.01_ITR_T2,_ITR_T2,RandomForest,11558902.233296623
33.042.730/0001-04,2026-03-31 03:00:00,ITR,TARGET_BPP_2.01_ITR_T2,_ITR_T2,RandomForest,2931463.3244402716
33.256.439/0001-39,2026-03-31 03:00:00,ITR,TARGET_BPP_2.01_ITR_T2,_ITR_T2,RandomForest,3087849.6004696963
33.592.510/0001-54,2026-03-31 03:00:00,ITR,TARGET_BPP_2.01_ITR_T2,_ITR_T2,RandomForest,9026792.659823123
33.611.500/0001-19,2026-03-31 03:00:00,ITR,TARGET_BPP_2.01_ITR_T2,_ITR_T2,RandomForest,3379571.6577748857
34.274.233/0001-02,2026-03-31 03:00:00,ITR,TARGET_BPP_2.01_ITR_T2,_ITR_T2,RandomForest,3397285.600675534
47.960.950/0001-21,2026-03-31 03:00:00,ITR,TARGET_BPP_2.01_ITR_T2,_ITR_T2,RandomForest,3398972.7046883837
53.113.791/0001-22,2026-03-31 03:00:00,ITR,TARGET_BPP_2.01_ITR_T2,_ITR_T2,RandomForest,3242560.4666627287
61.079.117/0001-05,2026-03-31 03:00:00,ITR,TARGET_BPP_2.01_ITR_T2,_ITR_T2,RandomForest,1651618.4431898382
81.243.735/0001-48,2026-03-31 03:00:00,ITR,TARGET_BPP_2.01_ITR_T2,_ITR_T2,RandomForest,1647572.6649849708
82.901.000/0001-27,2026-03-31 03:00:00,ITR,TARGET_BPP_2.01_ITR_T2,_ITR_T2,RandomForest,2380450.3007360185
84.429.695/0001-11,2026-03-31 03:00:00,ITR,TARGET_BPP_2.01_ITR_T2,_ITR_T2,RandomForest,11781401.538277289
89.637.490/0001-45,2026-03-31 03:00:00,ITR,TARGET_BPP_2.01_ITR_T2,_ITR_T2,RandomForest,3056556.920018229
92.754.738/0001-62,2026-03-31 03:00:00,ITR,TARGET_BPP_2.01_ITR_T2,_ITR_T2,RandomForest,3240793.6510722376
02.429.144/0001-93,2026-03-31 03:00:00,ITR,TARGET_BPP_2.01_ITR_T3,_ITR_T3,RandomForest,3191063.876694437
02.474.103/0001-19,2026-03-31 03:00:00,ITR,TARGET_BPP_2.01_ITR_T3,_ITR_T3,RandomForest,3138165.5245502037
02.998.611/0001-04,2026-03-31 03:00:00,ITR,TARGET_BPP_2.01_ITR_T3,_ITR_T3,RandomForest,3013789.3524579457
03.220.438/0001-73,2026-03-31 03:00:00,ITR,TARGET_BPP_2.01_ITR_T3,_ITR_T3,RandomForest,3213109.963080694
07.859.971/0001-30,2026-03-31 03:00:00,ITR,TARGET_BPP_2.01_ITR_T3,_ITR_T3,RandomForest,2521332.8079214683
10.629.105/0001-68,2026-03-31 03:00:00,ITR,TARGET_BPP_2.01_ITR_T3,_ITR_T3,RandomForest,2833549.545857138
16.404.287/0001-55,2026-03-31 03:00:00,ITR,TARGET_BPP_2.01_ITR_T3,_ITR_T3,RandomForest,3147789.7062752494
16.590.234/0001-76,2026-03-31 03:00:00,ITR,TARGET_BPP_2.01_ITR_T3,_ITR_T3,RandomForest,2750441.395381077
24.990.777/0001-09,2026-03-31 03:00:00,ITR,TARGET_BPP_2.01_ITR_T3,_ITR_T3,RandomForest,3145308.598636427
33.000.167/0001-01,2026-03-31 03:00:00,ITR,TARGET_BPP_2.01_ITR_T3,_ITR_T3,RandomForest,7096185.204462255
33.042.730/0001-04,2026-03-31 03:00:00,ITR,TARGET_BPP_2.01_ITR_T3,_ITR_T3,RandomForest,3026710.6680623936
33.256.439/0001-39,2026-03-31 03:00:00,ITR,TARGET_BPP_2.01_ITR_T3,_ITR_T3,RandomForest,3036677.9996030745
33.592.510/0001-54,2026-03-31 03:00:00,ITR,TARGET_BPP_2.01_ITR_T3,_ITR_T3,RandomForest,11128492.030056516
33.611.500/0001-19,2026-03-31 03:00:00,ITR,TARGET_BPP_2.01_ITR_T3,_ITR_T3,RandomForest,3177656.5937862326
34.274.233/0001-02,2026-03-31 03:00:00,ITR,TARGET_BPP_2.01_ITR_T3,_ITR_T3,RandomForest,3181637.3477155594
47.960.950/0001-21,2026-03-31 03:00:00,ITR,TARGET_BPP_2.01_ITR_T3,_ITR_T3,RandomForest,3106381.6354357526
53.113.791/0001-22,2026-03-31 03:00:00,ITR,TARGET_BPP_2.01_ITR_T3,_ITR_T3,RandomForest,3150656.9006644064
61.079.117/0001-05,2026-03-31 03:00:00,ITR,TARGET_BPP_2.01_ITR_T3,_ITR_T3,RandomForest,2009697.6730987718
81.243.735/0001-48,2026-03-31 03:00:00,ITR,TARGET_BPP_2.01_ITR_T3,_ITR_T3,RandomForest,1724591.914830815
82.901.000/0001-27,2026-03-31 03:00:00,ITR,TARGET_BPP_2.01_ITR_T3,_ITR_T3,RandomForest,2737208.417231937
84.429.695/0001-11,2026-03-31 03:00:00,ITR,TARGET_BPP_2.01_ITR_T3,_ITR_T3,RandomForest,14220651.562504275
89.637.490/0001-45,2026-03-31 03:00:00,ITR,TARGET_BPP_2.01_ITR_T3,_ITR_T3,RandomForest,3051260.2624242473
92.754.738/0001-62,2026-03-31 03:00:00,ITR,TARGET_BPP_2.01_ITR_T3,_ITR_T3,RandomForest,3100902.5529065137
02.429.144/0001-93,2026-03-31 03:00:00,ITR,TARGET_BPP_2.01_DFP,_DFP,GradientBoosting,5008786.887079947
02.474.103/0001-19,2026-03-31 03:00:00,ITR,TARGET_BPP_2.01_DFP,_DFP,GradientBoosting,4021848.5241671368
02.998.611/0001-04,2026-03-31 03:00:00,ITR,TARGET_BPP_2.01_DFP,_DFP,GradientBoosting,2164079.231179316
03.220.438/0001-73,2026-03-31 03:00:00,ITR,TARGET_BPP_2.01_DFP,_DFP,GradientBoosting,5349146.883716959
07.859.971/0001-30,2026-03-31 03:00:00,ITR,TARGET_BPP_2.01_DFP,_DFP,GradientBoosting,2087573.6822870404
10.629.105/0001-68,2026-03-31 03:00:00,ITR,TARGET_BPP_2.01_DFP,_DFP,GradientBoosting,2543684.531650642
16.404.287/0001-55,2026-03-31 03:00:00,ITR,TARGET_BPP_2.01_DFP,_DFP,GradientBoosting,4330000.500111339
16.590.234/0001-76,2026-03-31 03:00:00,ITR,TARGET_BPP_2.01_DFP,_DFP,GradientBoosting,2087238.73673375
24.990.777/0001-09,2026-03-31 03:00:00,ITR,TARGET_BPP_2.01_DFP,_DFP,GradientBoosting,3886513.573853749
33.000.167/0001-01,2026-03-31 03:00:00,ITR,TARGET_BPP_2.01_DFP,_DFP,GradientBoosting,46147307.64480463
33.042.730/0001-04,2026-03-31 03:00:00,ITR,TARGET_BPP_2.01_DFP,_DFP,GradientBoosting,5017401.306489337
33.256.439/0001-39,2026-03-31 03:00:00,ITR,TARGET_BPP_2.01_DFP,_DFP,GradientBoosting,3769558.1536638364
33.592.510/0001-54,2026-03-31 03:00:00,ITR,TARGET_BPP_2.01_DFP,_DFP,GradientBoosting,22835698.92033015
33.611.500/0001-19,2026-03-31 03:00:00,ITR,TARGET_BPP_2.01_DFP,_DFP,GradientBoosting,3719442.528283885
34.274.233/0001-02,2026-03-31 03:00:00,ITR,TARGET_BPP_2.01_DFP,_DFP,GradientBoosting,4783479.399673473
47.960.950/0001-21,2026-03-31 03:00:00,ITR,TARGET_BPP_2.01_DFP,_DFP,GradientBoosting,5030667.93924663
53.113.791/0001-22,2026-03-31 03:00:00,ITR,TARGET_BPP_2.01_DFP,_DFP,GradientBoosting,2702230.8151409966
61.079.117/0001-05,2026-03-31 03:00:00,ITR,TARGET_BPP_2.01_DFP,_DFP,GradientBoosting,1365485.8341082952
81.243.735/0001-48,2026-03-31 03:00:00,ITR,TARGET_BPP_2.01_DFP,_DFP,GradientBoosting,1676189.4313823618
82.901.000/0001-27,2026-03-31 03:00:00,ITR,TARGET_BPP_2.01_DFP,_DFP,GradientBoosting,1937800.0892974255
84.429.695/0001-11,2026-03-31 03:00:00,ITR,TARGET_BPP_2.01_DFP,_DFP,GradientBoosting,15435866.239933047
89.637.490/0001-45,2026-03-31 03:00:00,ITR,TARGET_BPP_2.01_DFP,_DFP,GradientBoosting,3914855.9825476217
92.754.738/0001-62,2026-03-31 03:00:00,ITR,TARGET_BPP_2.01_DFP,_DFP,GradientBoosting,3433792.4741942105
02.429.144/0001-93,2026-03-31 03:00:00,ITR,TARGET_BPP_2.03_ITR_T1,_ITR_T1,RandomForest,24282379.602361932
02.474.103/0001-19,2026-03-31 03:00:00,ITR,TARGET_BPP_2.03_ITR_T1,_ITR_T1,RandomForest,14615034.401631001
02.998.611/0001-04,2026-03-31 03:00:00,ITR,TARGET_BPP_2.03_ITR_T1,_ITR_T1,RandomForest,23225461.226314675
03.220.438/0001-73,2026-03-31 03:00:00,ITR,TARGET_BPP_2.03_ITR_T1,_ITR_T1,RandomForest,30419863.165255386
07.859.971/0001-30,2026-03-31 03:00:00,ITR,TARGET_BPP_2.03_ITR_T1,_ITR_T1,RandomForest,8179247.202829396
10.629.105/0001-68,2026-03-31 03:00:00,ITR,TARGET_BPP_2.03_ITR_T1,_ITR_T1,RandomForest,24879934.93009034
16.404.287/0001-55,2026-03-31 03:00:00,ITR,TARGET_BPP_2.03_ITR_T1,_ITR_T1,RandomForest,43753005.0125042
16.590.234/0001-76,2026-03-31 03:00:00,ITR,TARGET_BPP_2.03_ITR_T1,_ITR_T1,RandomForest,8197648.325182963
24.990.777/0001-09,2026-03-31 03:00:00,ITR,TARGET_BPP_2.03_ITR_T1,_ITR_T1,RandomForest,12193926.295458864
33.000.167/0001-01,2026-03-31 03:00:00,ITR,TARGET_BPP_2.03_ITR_T1,_ITR_T1,RandomForest,278545018.5148949
33.042.730/0001-04,2026-03-31 03:00:00,ITR,TARGET_BPP_2.03_ITR_T1,_ITR_T1,RandomForest,14513991.384176353
33.256.439/0001-39,2026-03-31 03:00:00,ITR,TARGET_BPP_2.03_ITR_T1,_ITR_T1,RandomForest,19025789.86513337
33.592.510/0001-54,2026-03-31 03:00:00,ITR,TARGET_BPP_2.03_ITR_T1,_ITR_T1,RandomForest,158887017.89060715
33.611.500/0001-19,2026-03-31 03:00:00,ITR,TARGET_BPP_2.03_ITR_T1,_ITR_T1,RandomForest,42929487.494282834
34.274.233/0001-02,2026-03-31 03:00:00,ITR,TARGET_BPP_2.03_ITR_T1,_ITR_T1,RandomForest,23195375.483768374
47.960.950/0001-21,2026-03-31 03:00:00,ITR,TARGET_BPP_2.03_ITR_T1,_ITR_T1,RandomForest,11952699.4652602
53.113.791/0001-22,2026-03-31 03:00:00,ITR,TARGET_BPP_2.03_ITR_T1,_ITR_T1,RandomForest,5687066.014571936
61.079.117/0001-05,2026-03-31 03:00:00,ITR,TARGET_BPP_2.03_ITR_T1,_ITR_T1,RandomForest,4152387.841640018
81.243.735/0001-48,2026-03-31 03:00:00,ITR,TARGET_BPP_2.03_ITR_T1,_ITR_T1,RandomForest,1576649.0757653716
82.901.000/0001-27,2026-03-31 03:00:00,ITR,TARGET_BPP_2.03_ITR_T1,_ITR_T1,RandomForest,3903554.579696995
84.429.695/0001-11,2026-03-31 03:00:00,ITR,TARGET_BPP_2.03_ITR_T1,_ITR_T1,RandomForest,20736770.498984043
89.637.490/0001-45,2026-03-31 03:00:00,ITR,TARGET_BPP_2.03_ITR_T1,_ITR_T1,RandomForest,14190495.406967102
92.754.738/0001-62,2026-03-31 03:00:00,ITR,TARGET_BPP_2.03_ITR_T1,_ITR_T1,RandomForest,9982403.63069114
02.429.144/0001-93,2026-03-31 03:00:00,ITR,TARGET_BPP_2.03_ITR_T2,_ITR_T2,GradientBoosting,6400738.366343564
02.474.103/0001-19,2026-03-31 03:00:00,ITR,TARGET_BPP_2.03_ITR_T2,_ITR_T2,GradientBoosting,5709687.044181364
02.998.611/0001-04,2026-03-31 03:00:00,ITR,TARGET_BPP_2.03_ITR_T2,_ITR_T2,GradientBoosting,5817040.021549951
03.220.438/0001-73,2026-03-31 03:00:00,ITR,TARGET_BPP_2.03_ITR_T2,_ITR_T2,GradientBoosting,6681808.60342109
07.859.971/0001-30,2026-03-31 03:00:00,ITR,TARGET_BPP_2.03_ITR_T2,_ITR_T2,GradientBoosting,5344026.839241523
10.629.105/0001-68,2026-03-31 03:00:00,ITR,TARGET_BPP_2.03_ITR_T2,_ITR_T2,GradientBoosting,5965891.44379749
16.404.287/0001-55,2026-03-31 03:00:00,ITR,TARGET_BPP_2.03_ITR_T2,_ITR_T2,GradientBoosting,5932667.017805552
16.590.234/0001-76,2026-03-31 03:00:00,ITR,TARGET_BPP_2.03_ITR_T2,_ITR_T2,GradientBoosting,5551973.778966609
24.990.777/0001-09,2026-03-31 03:00:00,ITR,TARGET_BPP_2.03_ITR_T2,_ITR_T2,GradientBoosting,5530033.090068282
33.000.167/0001-01,2026-03-31 03:00:00,ITR,TARGET_BPP_2.03_ITR_T2,_ITR_T2,GradientBoosting,18375772.878367532
33.042.730/0001-04,2026-03-31 03:00:00,ITR,TARGET_BPP_2.03_ITR_T2,_ITR_T2,GradientBoosting,6633345.537094959
33.256.439/0001-39,2026-03-31 03:00:00,ITR,TARGET_BPP_2.03_ITR_T2,_ITR_T2,GradientBoosting,5799192.853340185
33.592.510/0001-54,2026-03-31 03:00:00,ITR,TARGET_BPP_2.03_ITR_T2,_ITR_T2,GradientBoosting,7031469.152589285
33.611.500/0001-19,2026-03-31 03:00:00,ITR,TARGET_BPP_2.03_ITR_T2,_ITR_T2,GradientBoosting,5871543.786699977
34.274.233/0001-02,2026-03-31 03:00:00,ITR,TARGET_BPP_2.03_ITR_T2,_ITR_T2,GradientBoosting,5883278.8363787
47.960.950/0001-21,2026-03-31 03:00:00,ITR,TARGET_BPP_2.03_ITR_T2,_ITR_T2,GradientBoosting,5798795.957612781
53.113.791/0001-22,2026-03-31 03:00:00,ITR,TARGET_BPP_2.03_ITR_T2,_ITR_T2,GradientBoosting,5808972.275084208
61.079.117/0001-05,2026-03-31 03:00:00,ITR,TARGET_BPP_2.03_ITR_T2,_ITR_T2,GradientBoosting,4147482.625244709
81.243.735/0001-48,2026-03-31 03:00:00,ITR,TARGET_BPP_2.03_ITR_T2,_ITR_T2,GradientBoosting,4896206.275525566
82.901.000/0001-27,2026-03-31 03:00:00,ITR,TARGET_BPP_2.03_ITR_T2,_ITR_T2,GradientBoosting,5014477.625130892
84.429.695/0001-11,2026-03-31 03:00:00,ITR,TARGET_BPP_2.03_ITR_T2,_ITR_T2,GradientBoosting,8122137.864890156
89.637.490/0001-45,2026-03-31 03:00:00,ITR,TARGET_BPP_2.03_ITR_T2,_ITR_T2,GradientBoosting,6029091.938588655
92.754.738/0001-62,2026-03-31 03:00:00,ITR,TARGET_BPP_2.03_ITR_T2,_ITR_T2,GradientBoosting,5560210.52231904
02.429.144/0001-93,2026-03-31 03:00:00,ITR,TARGET_BPP_2.03_ITR_T3,_ITR_T3,GradientBoosting,6500220.100728388
02.474.103/0001-19,2026-03-31 03:00:00,ITR,TARGET_BPP_2.03_ITR_T3,_ITR_T3,GradientBoosting,6331555.0498108845
02.998.611/0001-04,2026-03-31 03:00:00,ITR,TARGET_BPP_2.03_ITR_T3,_ITR_T3,GradientBoosting,5942533.318007833
03.220.438/0001-73,2026-03-31 03:00:00,ITR,TARGET_BPP_2.03_ITR_T3,_ITR_T3,GradientBoosting,6440118.27082945
07.859.971/0001-30,2026-03-31 03:00:00,ITR,TARGET_BPP_2.03_ITR_T3,_ITR_T3,GradientBoosting,5759367.9364636205
10.629.105/0001-68,2026-03-31 03:00:00,ITR,TARGET_BPP_2.03_ITR_T3,_ITR_T3,GradientBoosting,6531500.020007715
16.404.287/0001-55,2026-03-31 03:00:00,ITR,TARGET_BPP_2.03_ITR_T3,_ITR_T3,GradientBoosting,6124093.258771164
16.590.234/0001-76,2026-03-31 03:00:00,ITR,TARGET_BPP_2.03_ITR_T3,_ITR_T3,GradientBoosting,5370479.402432809
24.990.777/0001-09,2026-03-31 03:00:00,ITR,TARGET_BPP_2.03_ITR_T3,_ITR_T3,GradientBoosting,6671101.7971673515
33.000.167/0001-01,2026-03-31 03:00:00,ITR,TARGET_BPP_2.03_ITR_T3,_ITR_T3,GradientBoosting,20438631.416650895
33.042.730/0001-04,2026-03-31 03:00:00,ITR,TARGET_BPP_2.03_ITR_T3,_ITR_T3,GradientBoosting,6056664.883650407
33.256.439/0001-39,2026-03-31 03:00:00,ITR,TARGET_BPP_2.03_ITR_T3,_ITR_T3,GradientBoosting,5965263.7314057015
33.592.510/0001-54,2026-03-31 03:00:00,ITR,TARGET_BPP_2.03_ITR_T3,_ITR_T3,GradientBoosting,8693879.8734901
33.611.500/0001-19,2026-03-31 03:00:00,ITR,TARGET_BPP_2.03_ITR_T3,_ITR_T3,GradientBoosting,6173361.768572376
34.274.233/0001-02,2026-03-31 03:00:00,ITR,TARGET_BPP_2.03_ITR_T3,_ITR_T3,GradientBoosting,6374509.178204917
47.960.950/0001-21,2026-03-31 03:00:00,ITR,TARGET_BPP_2.03_ITR_T3,_ITR_T3,GradientBoosting,6168721.611041634
53.113.791/0001-22,2026-03-31 03:00:00,ITR,TARGET_BPP_2.03_ITR_T3,_ITR_T3,GradientBoosting,5826024.550085817
61.079.117/0001-05,2026-03-31 03:00:00,ITR,TARGET_BPP_2.03_ITR_T3,_ITR_T3,GradientBoosting,5272783.89352871
81.243.735/0001-48,2026-03-31 03:00:00,ITR,TARGET_BPP_2.03_ITR_T3,_ITR_T3,GradientBoosting,4945560.747093441
82.901.000/0001-27,2026-03-31 03:00:00,ITR,TARGET_BPP_2.03_ITR_T3,_ITR_T3,GradientBoosting,5152080.571721368
84.429.695/0001-11,2026-03-31 03:00:00,ITR,TARGET_BPP_2.03_ITR_T3,_ITR_T3,GradientBoosting,9031924.107675955
89.637.490/0001-45,2026-03-31 03:00:00,ITR,TARGET_BPP_2.03_ITR_T3,_ITR_T3,GradientBoosting,5089440.887058956
92.754.738/0001-62,2026-03-31 03:00:00,ITR,TARGET_BPP_2.03_ITR_T3,_ITR_T3,GradientBoosting,5809589.743816988
02.429.144/0001-93,2026-03-31 03:00:00,ITR,TARGET_BPP_2.03_DFP,_DFP,GradientBoosting,8232934.155771216
02.474.103/0001-19,2026-03-31 03:00:00,ITR,TARGET_BPP_2.03_DFP,_DFP,GradientBoosting,6777926.21867362
02.998.611/0001-04,2026-03-31 03:00:00,ITR,TARGET_BPP_2.03_DFP,_DFP,GradientBoosting,6542629.934797976
03.220.438/0001-73,2026-03-31 03:00:00,ITR,TARGET_BPP_2.03_DFP,_DFP,GradientBoosting,7896928.816614145
07.859.971/0001-30,2026-03-31 03:00:00,ITR,TARGET_BPP_2.03_DFP,_DFP,GradientBoosting,5756136.01460722
10.629.105/0001-68,2026-03-31 03:00:00,ITR,TARGET_BPP_2.03_DFP,_DFP,GradientBoosting,6921615.483333429
16.404.287/0001-55,2026-03-31 03:00:00,ITR,TARGET_BPP_2.03_DFP,_DFP,GradientBoosting,6918265.809316975
16.590.234/0001-76,2026-03-31 03:00:00,ITR,TARGET_BPP_2.03_DFP,_DFP,GradientBoosting,5625093.3001888525
24.990.777/0001-09,2026-03-31 03:00:00,ITR,TARGET_BPP_2.03_DFP,_DFP,GradientBoosting,7145329.294116344
33.000.167/0001-01,2026-03-31 03:00:00,ITR,TARGET_BPP_2.03_DFP,_DFP,GradientBoosting,25350710.72651254
33.042.730/0001-04,2026-03-31 03:00:00,ITR,TARGET_BPP_2.03_DFP,_DFP,GradientBoosting,5125710.629410672
33.256.439/0001-39,2026-03-31 03:00:00,ITR,TARGET_BPP_2.03_DFP,_DFP,GradientBoosting,6332438.457369324
33.592.510/0001-54,2026-03-31 03:00:00,ITR,TARGET_BPP_2.03_DFP,_DFP,GradientBoosting,12715622.893704938
33.611.500/0001-19,2026-03-31 03:00:00,ITR,TARGET_BPP_2.03_DFP,_DFP,GradientBoosting,6800456.9227985265
34.274.233/0001-02,2026-03-31 03:00:00,ITR,TARGET_BPP_2.03_DFP,_DFP,GradientBoosting,6437722.397822965
47.960.950/0001-21,2026-03-31 03:00:00,ITR,TARGET_BPP_2.03_DFP,_DFP,GradientBoosting,7479690.6401048135
53.113.791/0001-22,2026-03-31 03:00:00,ITR,TARGET_BPP_2.03_DFP,_DFP,GradientBoosting,6106263.600853599
61.079.117/0001-05,2026-03-31 03:00:00,ITR,TARGET_BPP_2.03_DFP,_DFP,GradientBoosting,5609017.813120195
81.243.735/0001-48,2026-03-31 03:00:00,ITR,TARGET_BPP_2.03_DFP,_DFP,GradientBoosting,3914653.390072135
82.901.000/0001-27,2026-03-31 03:00:00,ITR,TARGET_BPP_2.03_DFP,_DFP,GradientBoosting,4830458.754530741
84.429.695/0001-11,2026-03-31 03:00:00,ITR,TARGET_BPP_2.03_DFP,_DFP,GradientBoosting,10726152.459155845
89.637.490/0001-45,2026-03-31 03:00:00,ITR,TARGET_BPP_2.03_DFP,_DFP,GradientBoosting,5474180.698668546
92.754.738/0001-62,2026-03-31 03:00:00,ITR,TARGET_BPP_2.03_DFP,_DFP,GradientBoosting,6508517.560994552
02.429.144/0001-93,2026-03-31 03:00:00,ITR,TARGET_BPP_2_ITR_T1,_ITR_T1,RandomForest,16125703.960674655
02.474.103/0001-19,2026-03-31 03:00:00,ITR,TARGET_BPP_2_ITR_T1,_ITR_T1,RandomForest,16125703.960674655
02.998.611/0001-04,2026-03-31 03:00:00,ITR,TARGET_BPP_2_ITR_T1,_ITR_T1,RandomForest,16284505.51963945
03.220.438/0001-73,2026-03-31 03:00:00,ITR,TARGET_BPP_2_ITR_T1,_ITR_T1,RandomForest,16458892.528877707
07.859.971/0001-30,2026-03-31 03:00:00,ITR,TARGET_BPP_2_ITR_T1,_ITR_T1,RandomForest,14629856.840042388
10.629.105/0001-68,2026-03-31 03:00:00,ITR,TARGET_BPP_2_ITR_T1,_ITR_T1,RandomForest,16037060.129788658
16.404.287/0001-55,2026-03-31 03:00:00,ITR,TARGET_BPP_2_ITR_T1,_ITR_T1,RandomForest,18668529.30247916
16.590.234/0001-76,2026-03-31 03:00:00,ITR,TARGET_BPP_2_ITR_T1,_ITR_T1,RandomForest,11384077.807833105
24.990.777/0001-09,2026-03-31 03:00:00,ITR,TARGET_BPP_2_ITR_T1,_ITR_T1,RandomForest,15836403.513745256
33.000.167/0001-01,2026-03-31 03:00:00,ITR,TARGET_BPP_2_ITR_T1,_ITR_T1,RandomForest,204284180.03554636
33.042.730/0001-04,2026-03-31 03:00:00,ITR,TARGET_BPP_2_ITR_T1,_ITR_T1,RandomForest,17618035.443201352
33.256.439/0001-39,2026-03-31 03:00:00,ITR,TARGET_BPP_2_ITR_T1,_ITR_T1,RandomForest,16167112.184393499
33.592.510/0001-54,2026-03-31 03:00:00,ITR,TARGET_BPP_2_ITR_T1,_ITR_T1,RandomForest,110662825.60098581
33.611.500/0001-19,2026-03-31 03:00:00,ITR,TARGET_BPP_2_ITR_T1,_ITR_T1,RandomForest,18595466.529415224
34.274.233/0001-02,2026-03-31 03:00:00,ITR,TARGET_BPP_2_ITR_T1,_ITR_T1,RandomForest,16078240.730368456
47.960.950/0001-21,2026-03-31 03:00:00,ITR,TARGET_BPP_2_ITR_T1,_ITR_T1,RandomForest,14220817.847031169
53.113.791/0001-22,2026-03-31 03:00:00,ITR,TARGET_BPP_2_ITR_T1,_ITR_T1,RandomForest,14726353.52342072
61.079.117/0001-05,2026-03-31 03:00:00,ITR,TARGET_BPP_2_ITR_T1,_ITR_T1,RandomForest,8630365.425014617
81.243.735/0001-48,2026-03-31 03:00:00,ITR,TARGET_BPP_2_ITR_T1,_ITR_T1,RandomForest,4866396.596999391
82.901.000/0001-27,2026-03-31 03:00:00,ITR,TARGET_BPP_2_ITR_T1,_ITR_T1,RandomForest,9342368.247054726
84.429.695/0001-11,2026-03-31 03:00:00,ITR,TARGET_BPP_2_ITR_T1,_ITR_T1,RandomForest,66261603.90176481
89.637.490/0001-45,2026-03-31 03:00:00,ITR,TARGET_BPP_2_ITR_T1,_ITR_T1,RandomForest,17696384.465744574
92.754.738/0001-62,2026-03-31 03:00:00,ITR,TARGET_BPP_2_ITR_T1,_ITR_T1,RandomForest,15655476.707120031
02.429.144/0001-93,2026-03-31 03:00:00,ITR,TARGET_BPP_2_ITR_T2,_ITR_T2,GradientBoosting,25823836.440587528
02.474.103/0001-19,2026-03-31 03:00:00,ITR,TARGET_BPP_2_ITR_T2,_ITR_T2,GradientBoosting,19748020.460410528
02.998.611/0001-04,2026-03-31 03:00:00,ITR,TARGET_BPP_2_ITR_T2,_ITR_T2,GradientBoosting,15039049.269664122
03.220.438/0001-73,2026-03-31 03:00:00,ITR,TARGET_BPP_2_ITR_T2,_ITR_T2,GradientBoosting,27426210.783829838
07.859.971/0001-30,2026-03-31 03:00:00,ITR,TARGET_BPP_2_ITR_T2,_ITR_T2,GradientBoosting,14246907.94216546
10.629.105/0001-68,2026-03-31 03:00:00,ITR,TARGET_BPP_2_ITR_T2,_ITR_T2,GradientBoosting,18523629.294879477
16.404.287/0001-55,2026-03-31 03:00:00,ITR,TARGET_BPP_2_ITR_T2,_ITR_T2,GradientBoosting,24974199.56555888
16.590.234/0001-76,2026-03-31 03:00:00,ITR,TARGET_BPP_2_ITR_T2,_ITR_T2,GradientBoosting,8300710.752273701
24.990.777/0001-09,2026-03-31 03:00:00,ITR,TARGET_BPP_2_ITR_T2,_ITR_T2,GradientBoosting,15031543.095670573
33.000.167/0001-01,2026-03-31 03:00:00,ITR,TARGET_BPP_2_ITR_T2,_ITR_T2,GradientBoosting,233868915.19695067
33.042.730/0001-04,2026-03-31 03:00:00,ITR,TARGET_BPP_2_ITR_T2,_ITR_T2,GradientBoosting,23056871.181953933
33.256.439/0001-39,2026-03-31 03:00:00,ITR,TARGET_BPP_2_ITR_T2,_ITR_T2,GradientBoosting,13820133.821952991
33.592.510/0001-54,2026-03-31 03:00:00,ITR,TARGET_BPP_2_ITR_T2,_ITR_T2,GradientBoosting,113823574.58734272
33.611.500/0001-19,2026-03-31 03:00:00,ITR,TARGET_BPP_2_ITR_T2,_ITR_T2,GradientBoosting,16268617.608398218
34.274.233/0001-02,2026-03-31 03:00:00,ITR,TARGET_BPP_2_ITR_T2,_ITR_T2,GradientBoosting,19893083.323234517
47.960.950/0001-21,2026-03-31 03:00:00,ITR,TARGET_BPP_2_ITR_T2,_ITR_T2,GradientBoosting,21517310.007367242
53.113.791/0001-22,2026-03-31 03:00:00,ITR,TARGET_BPP_2_ITR_T2,_ITR_T2,GradientBoosting,10200654.393670905
61.079.117/0001-05,2026-03-31 03:00:00,ITR,TARGET_BPP_2_ITR_T2,_ITR_T2,GradientBoosting,6116850.206396926
81.243.735/0001-48,2026-03-31 03:00:00,ITR,TARGET_BPP_2_ITR_T2,_ITR_T2,GradientBoosting,4905267.532804977
82.901.000/0001-27,2026-03-31 03:00:00,ITR,TARGET_BPP_2_ITR_T2,_ITR_T2,GradientBoosting,5811838.428983238
84.429.695/0001-11,2026-03-31 03:00:00,ITR,TARGET_BPP_2_ITR_T2,_ITR_T2,GradientBoosting,61902386.96007345
89.637.490/0001-45,2026-03-31 03:00:00,ITR,TARGET_BPP_2_ITR_T2,_ITR_T2,GradientBoosting,18100527.460018262
92.754.738/0001-62,2026-03-31 03:00:00,ITR,TARGET_BPP_2_ITR_T2,_ITR_T2,GradientBoosting,14771422.563497005
02.429.144/0001-93,2026-03-31 03:00:00,ITR,TARGET_BPP_2_ITR_T3,_ITR_T3,GradientBoosting,20260867.311439484
02.474.103/0001-19,2026-03-31 03:00:00,ITR,TARGET_BPP_2_ITR_T3,_ITR_T3,GradientBoosting,18810927.708529476
02.998.611/0001-04,2026-03-31 03:00:00,ITR,TARGET_BPP_2_ITR_T3,_ITR_T3,GradientBoosting,16984279.126886673
03.220.438/0001-73,2026-03-31 03:00:00,ITR,TARGET_BPP_2_ITR_T3,_ITR_T3,GradientBoosting,21157097.780718338
07.859.971/0001-30,2026-03-31 03:00:00,ITR,TARGET_BPP_2_ITR_T3,_ITR_T3,GradientBoosting,15606441.57763336
10.629.105/0001-68,2026-03-31 03:00:00,ITR,TARGET_BPP_2_ITR_T3,_ITR_T3,GradientBoosting,19346303.29351007
16.404.287/0001-55,2026-03-31 03:00:00,ITR,TARGET_BPP_2_ITR_T3,_ITR_T3,GradientBoosting,22806533.640086062
16.590.234/0001-76,2026-03-31 03:00:00,ITR,TARGET_BPP_2_ITR_T3,_ITR_T3,GradientBoosting,13604258.72594795
24.990.777/0001-09,2026-03-31 03:00:00,ITR,TARGET_BPP_2_ITR_T3,_ITR_T3,GradientBoosting,15990656.439024342
33.000.167/0001-01,2026-03-31 03:00:00,ITR,TARGET_BPP_2_ITR_T3,_ITR_T3,GradientBoosting,216490973.9875918
33.042.730/0001-04,2026-03-31 03:00:00,ITR,TARGET_BPP_2_ITR_T3,_ITR_T3,GradientBoosting,20410509.145574804
33.256.439/0001-39,2026-03-31 03:00:00,ITR,TARGET_BPP_2_ITR_T3,_ITR_T3,GradientBoosting,18954546.251521688
33.592.510/0001-54,2026-03-31 03:00:00,ITR,TARGET_BPP_2_ITR_T3,_ITR_T3,GradientBoosting,57428637.088036165
33.611.500/0001-19,2026-03-31 03:00:00,ITR,TARGET_BPP_2_ITR_T3,_ITR_T3,GradientBoosting,20280697.28298894
34.274.233/0001-02,2026-03-31 03:00:00,ITR,TARGET_BPP_2_ITR_T3,_ITR_T3,GradientBoosting,20097299.740695044
47.960.950/0001-21,2026-03-31 03:00:00,ITR,TARGET_BPP_2_ITR_T3,_ITR_T3,GradientBoosting,17217475.342580665
53.113.791/0001-22,2026-03-31 03:00:00,ITR,TARGET_BPP_2_ITR_T3,_ITR_T3,GradientBoosting,13041606.366906667
61.079.117/0001-05,2026-03-31 03:00:00,ITR,TARGET_BPP_2_ITR_T3,_ITR_T3,GradientBoosting,10181174.731246784
81.243.735/0001-48,2026-03-31 03:00:00,ITR,TARGET_BPP_2_ITR_T3,_ITR_T3,GradientBoosting,8775498.556227664
82.901.000/0001-27,2026-03-31 03:00:00,ITR,TARGET_BPP_2_ITR_T3,_ITR_T3,GradientBoosting,11027331.686362907
84.429.695/0001-11,2026-03-31 03:00:00,ITR,TARGET_BPP_2_ITR_T3,_ITR_T3,GradientBoosting,69381134.1356097
89.637.490/0001-45,2026-03-31 03:00:00,ITR,TARGET_BPP_2_ITR_T3,_ITR_T3,GradientBoosting,20247192.426408812
92.754.738/0001-62,2026-03-31 03:00:00,ITR,TARGET_BPP_2_ITR_T3,_ITR_T3,GradientBoosting,16185243.263783395
02.429.144/0001-93,2026-03-31 03:00:00,ITR,TARGET_BPP_2_DFP,_DFP,GradientBoosting,23488399.107892763
02.474.103/0001-19,2026-03-31 03:00:00,ITR,TARGET_BPP_2_DFP,_DFP,GradientBoosting,19857286.416332632
02.998.611/0001-04,2026-03-31 03:00:00,ITR,TARGET_BPP_2_DFP,_DFP,GradientBoosting,18480686.875759922
03.220.438/0001-73,2026-03-31 03:00:00,ITR,TARGET_BPP_2_DFP,_DFP,GradientBoosting,25606384.145376366
07.859.971/0001-30,2026-03-31 03:00:00,ITR,TARGET_BPP_2_DFP,_DFP,GradientBoosting,17319634.96573817
10.629.105/0001-68,2026-03-31 03:00:00,ITR,TARGET_BPP_2_DFP,_DFP,GradientBoosting,20601936.644095056
16.404.287/0001-55,2026-03-31 03:00:00,ITR,TARGET_BPP_2_DFP,_DFP,GradientBoosting,24335167.218240164
16.590.234/0001-76,2026-03-31 03:00:00,ITR,TARGET_BPP_2_DFP,_DFP,GradientBoosting,13495047.88728277
24.990.777/0001-09,2026-03-31 03:00:00,ITR,TARGET_BPP_2_DFP,_DFP,GradientBoosting,19926657.489803366
33.000.167/0001-01,2026-03-31 03:00:00,ITR,TARGET_BPP_2_DFP,_DFP,GradientBoosting,335009792.4701891
33.042.730/0001-04,2026-03-31 03:00:00,ITR,TARGET_BPP_2_DFP,_DFP,GradientBoosting,22241569.60361659
33.256.439/0001-39,2026-03-31 03:00:00,ITR,TARGET_BPP_2_DFP,_DFP,GradientBoosting,22077594.93594754
33.592.510/0001-54,2026-03-31 03:00:00,ITR,TARGET_BPP_2_DFP,_DFP,GradientBoosting,76942777.45094448
33.611.500/0001-19,2026-03-31 03:00:00,ITR,TARGET_BPP_2_DFP,_DFP,GradientBoosting,23537878.889498163
34.274.233/0001-02,2026-03-31 03:00:00,ITR,TARGET_BPP_2_DFP,_DFP,GradientBoosting,23122328.50120066
47.960.950/0001-21,2026-03-31 03:00:00,ITR,TARGET_BPP_2_DFP,_DFP,GradientBoosting,21284801.020520806
53.113.791/0001-22,2026-03-31 03:00:00,ITR,TARGET_BPP_2_DFP,_DFP,GradientBoosting,12329290.012164647
61.079.117/0001-05,2026-03-31 03:00:00,ITR,TARGET_BPP_2_DFP,_DFP,GradientBoosting,11139695.506293587
81.243.735/0001-48,2026-03-31 03:00:00,ITR,TARGET_BPP_2_DFP,_DFP,GradientBoosting,8418184.304180797
82.901.000/0001-27,2026-03-31 03:00:00,ITR,TARGET_BPP_2_DFP,_DFP,GradientBoosting,10344854.21833542
84.429.695/0001-11,2026-03-31 03:00:00,ITR,TARGET_BPP_2_DFP,_DFP,GradientBoosting,66177778.929908715
89.637.490/0001-45,2026-03-31 03:00:00,ITR,TARGET_BPP_2_DFP,_DFP,GradientBoosting,22679143.554024197
92.754.738/0001-62,2026-03-31 03:00:00,ITR,TARGET_BPP_2_DFP,_DFP,GradientBoosting,18514928.31811961
02.429.144/0001-93,2026-03-31 03:00:00,ITR,TARGET_DFC_MI_6.01_ITR_T1,_ITR_T1,GradientBoosting,4679083.07126678
02.474.103/0001-19,2026-03-31 03:00:00,ITR,TARGET_DFC_MI_6.01_ITR_T1,_ITR_T1,GradientBoosting,2372224.004524652
02.998.611/0001-04,2026-03-31 03:00:00,ITR,TARGET_DFC_MI_6.01_ITR_T1,_ITR_T1,GradientBoosting,342.8811535596769
03.220.438/0001-73,2026-03-31 03:00:00,ITR,TARGET_DFC_MI_6.01_ITR_T1,_ITR_T1,GradientBoosting,652736.3673240405
07.859.971/0001-30,2026-03-31 03:00:00,ITR,TARGET_DFC_MI_6.01_ITR_T1,_ITR_T1,GradientBoosting,586620.218320154
10.629.105/0001-68,2026-03-31 03:00:00,ITR,TARGET_DFC_MI_6.01_ITR_T1,_ITR_T1,GradientBoosting,5114595.030011034
16.404.287/0001-55,2026-03-31 03:00:00,ITR,TARGET_DFC_MI_6.01_ITR_T1,_ITR_T1,GradientBoosting,5886022.211012543
16.590.234/0001-76,2026-03-31 03:00:00,ITR,TARGET_DFC_MI_6.01_ITR_T1,_ITR_T1,GradientBoosting,7705.311517096527
24.990.777/0001-09,2026-03-31 03:00:00,ITR,TARGET_DFC_MI_6.01_ITR_T1,_ITR_T1,GradientBoosting,91610.9233122336
33.000.167/0001-01,2026-03-31 03:00:00,ITR,TARGET_DFC_MI_6.01_ITR_T1,_ITR_T1,GradientBoosting,21676216.367992118
33.042.730/0001-04,2026-03-31 03:00:00,ITR,TARGET_DFC_MI_6.01_ITR_T1,_ITR_T1,GradientBoosting,-1.5759632913798483
33.256.439/0001-39,2026-03-31 03:00:00,ITR,TARGET_DFC_MI_6.01_ITR_T1,_ITR_T1,GradientBoosting,561747.2494472003
33.592.510/0001-54,2026-03-31 03:00:00,ITR,TARGET_DFC_MI_6.01_ITR_T1,_ITR_T1,GradientBoosting,13491792.41048359
33.611.500/0001-19,2026-03-31 03:00:00,ITR,TARGET_DFC_MI_6.01_ITR_T1,_ITR_T1,GradientBoosting,2220433.7210422764
34.274.233/0001-02,2026-03-31 03:00:00,ITR,TARGET_DFC_MI_6.01_ITR_T1,_ITR_T1,GradientBoosting,86171.38865428432
47.960.950/0001-21,2026-03-31 03:00:00,ITR,TARGET_DFC_MI_6.01_ITR_T1,_ITR_T1,GradientBoosting,4895.6889616131975
53.113.791/0001-22,2026-03-31 03:00:00,ITR,TARGET_DFC_MI_6.01_ITR_T1,_ITR_T1,GradientBoosting,338510.099294028
61.079.117/0001-05,2026-03-31 03:00:00,ITR,TARGET_DFC_MI_6.01_ITR_T1,_ITR_T1,GradientBoosting,44333.34042151574
81.243.735/0001-48,2026-03-31 03:00:00,ITR,TARGET_DFC_MI_6.01_ITR_T1,_ITR_T1,GradientBoosting,22019.2338916032
82.901.000/0001-27,2026-03-31 03:00:00,ITR,TARGET_DFC_MI_6.01_ITR_T1,_ITR_T1,GradientBoosting,165424.81270673446
84.429.695/0001-11,2026-03-31 03:00:00,ITR,TARGET_DFC_MI_6.01_ITR_T1,_ITR_T1,GradientBoosting,3260099.7664081175
89.637.490/0001-45,2026-03-31 03:00:00,ITR,TARGET_DFC_MI_6.01_ITR_T1,_ITR_T1,GradientBoosting,159524.50291294555
92.754.738/0001-62,2026-03-31 03:00:00,ITR,TARGET_DFC_MI_6.01_ITR_T1,_ITR_T1,GradientBoosting,6058.649764530452
02.429.144/0001-93,2026-03-31 03:00:00,ITR,TARGET_DFC_MI_6.01_ITR_T2,_ITR_T2,GradientBoosting,2029959.6416409987
02.474.103/0001-19,2026-03-31 03:00:00,ITR,TARGET_DFC_MI_6.01_ITR_T2,_ITR_T2,GradientBoosting,1248285.9024342005
02.998.611/0001-04,2026-03-31 03:00:00,ITR,TARGET_DFC_MI_6.01_ITR_T2,_ITR_T2,GradientBoosting,144222.13941466348
03.220.438/0001-73,2026-03-31 03:00:00,ITR,TARGET_DFC_MI_6.01_ITR_T2,_ITR_T2,GradientBoosting,597316.1241300812
07.859.971/0001-30,2026-03-31 03:00:00,ITR,TARGET_DFC_MI_6.01_ITR_T2,_ITR_T2,GradientBoosting,613447.0753659478
10.629.105/0001-68,2026-03-31 03:00:00,ITR,TARGET_DFC_MI_6.01_ITR_T2,_ITR_T2,GradientBoosting,1398375.2033264278
16.404.287/0001-55,2026-03-31 03:00:00,ITR,TARGET_DFC_MI_6.01_ITR_T2,_ITR_T2,GradientBoosting,1671817.274877244
16.590.234/0001-76,2026-03-31 03:00:00,ITR,TARGET_DFC_MI_6.01_ITR_T2,_ITR_T2,GradientBoosting,268988.5599014933
24.990.777/0001-09,2026-03-31 03:00:00,ITR,TARGET_DFC_MI_6.01_ITR_T2,_ITR_T2,GradientBoosting,251994.40419466668
33.000.167/0001-01,2026-03-31 03:00:00,ITR,TARGET_DFC_MI_6.01_ITR_T2,_ITR_T2,GradientBoosting,3950163.992425964
33.042.730/0001-04,2026-03-31 03:00:00,ITR,TARGET_DFC_MI_6.01_ITR_T2,_ITR_T2,GradientBoosting,5140.043237368446
33.256.439/0001-39,2026-03-31 03:00:00,ITR,TARGET_DFC_MI_6.01_ITR_T2,_ITR_T2,GradientBoosting,171474.6796093488
33.592.510/0001-54,2026-03-31 03:00:00,ITR,TARGET_DFC_MI_6.01_ITR_T2,_ITR_T2,GradientBoosting,2784345.8713511424
33.611.500/0001-19,2026-03-31 03:00:00,ITR,TARGET_DFC_MI_6.01_ITR_T2,_ITR_T2,GradientBoosting,449761.1264887872
34.274.233/0001-02,2026-03-31 03:00:00,ITR,TARGET_DFC_MI_6.01_ITR_T2,_ITR_T2,GradientBoosting,518179.2888253521
47.960.950/0001-21,2026-03-31 03:00:00,ITR,TARGET_DFC_MI_6.01_ITR_T2,_ITR_T2,GradientBoosting,625.0686285808016
53.113.791/0001-22,2026-03-31 03:00:00,ITR,TARGET_DFC_MI_6.01_ITR_T2,_ITR_T2,GradientBoosting,592934.267350401
61.079.117/0001-05,2026-03-31 03:00:00,ITR,TARGET_DFC_MI_6.01_ITR_T2,_ITR_T2,GradientBoosting,410688.1329864752
81.243.735/0001-48,2026-03-31 03:00:00,ITR,TARGET_DFC_MI_6.01_ITR_T2,_ITR_T2,GradientBoosting,59066.234717932086
82.901.000/0001-27,2026-03-31 03:00:00,ITR,TARGET_DFC_MI_6.01_ITR_T2,_ITR_T2,GradientBoosting,345188.53389660444
84.429.695/0001-11,2026-03-31 03:00:00,ITR,TARGET_DFC_MI_6.01_ITR_T2,_ITR_T2,GradientBoosting,604332.0920634212
89.637.490/0001-45,2026-03-31 03:00:00,ITR,TARGET_DFC_MI_6.01_ITR_T2,_ITR_T2,GradientBoosting,1092021.3222654872
92.754.738/0001-62,2026-03-31 03:00:00,ITR,TARGET_DFC_MI_6.01_ITR_T2,_ITR_T2,GradientBoosting,75831.89311083201
02.429.144/0001-93,2026-03-31 03:00:00,ITR,TARGET_DFC_MI_6.01_ITR_T3,_ITR_T3,GradientBoosting,2176024.1572643695
02.474.103/0001-19,2026-03-31 03:00:00,ITR,TARGET_DFC_MI_6.01_ITR_T3,_ITR_T3,GradientBoosting,646010.1028111703
02.998.611/0001-04,2026-03-31 03:00:00,ITR,TARGET_DFC_MI_6.01_ITR_T3,_ITR_T3,GradientBoosting,391003.0678847449
03.220.438/0001-73,2026-03-31 03:00:00,ITR,TARGET_DFC_MI_6.01_ITR_T3,_ITR_T3,GradientBoosting,358527.463846714
07.859.971/0001-30,2026-03-31 03:00:00,ITR,TARGET_DFC_MI_6.01_ITR_T3,_ITR_T3,GradientBoosting,321788.8864841539
10.629.105/0001-68,2026-03-31 03:00:00,ITR,TARGET_DFC_MI_6.01_ITR_T3,_ITR_T3,GradientBoosting,1462566.4293167766
16.404.287/0001-55,2026-03-31 03:00:00,ITR,TARGET_DFC_MI_6.01_ITR_T3,_ITR_T3,GradientBoosting,4345653.551186485
16.590.234/0001-76,2026-03-31 03:00:00,ITR,TARGET_DFC_MI_6.01_ITR_T3,_ITR_T3,GradientBoosting,1978.745048808502
24.990.777/0001-09,2026-03-31 03:00:00,ITR,TARGET_DFC_MI_6.01_ITR_T3,_ITR_T3,GradientBoosting,44525.34756147492
33.000.167/0001-01,2026-03-31 03:00:00,ITR,TARGET_DFC_MI_6.01_ITR_T3,_ITR_T3,GradientBoosting,2820368.7049810435
33.042.730/0001-04,2026-03-31 03:00:00,ITR,TARGET_DFC_MI_6.01_ITR_T3,_ITR_T3,GradientBoosting,431.84587498152405
33.256.439/0001-39,2026-03-31 03:00:00,ITR,TARGET_DFC_MI_6.01_ITR_T3,_ITR_T3,GradientBoosting,2305.1711951515945
33.592.510/0001-54,2026-03-31 03:00:00,ITR,TARGET_DFC_MI_6.01_ITR_T3,_ITR_T3,GradientBoosting,221296.1538133412
33.611.500/0001-19,2026-03-31 03:00:00,ITR,TARGET_DFC_MI_6.01_ITR_T3,_ITR_T3,GradientBoosting,425637.08309603465
34.274.233/0001-02,2026-03-31 03:00:00,ITR,TARGET_DFC_MI_6.01_ITR_T3,_ITR_T3,GradientBoosting,2038.5553543563283
47.960.950/0001-21,2026-03-31 03:00:00,ITR,TARGET_DFC_MI_6.01_ITR_T3,_ITR_T3,GradientBoosting,2.456407426265086
53.113.791/0001-22,2026-03-31 03:00:00,ITR,TARGET_DFC_MI_6.01_ITR_T3,_ITR_T3,GradientBoosting,116248.75303305878
61.079.117/0001-05,2026-03-31 03:00:00,ITR,TARGET_DFC_MI_6.01_ITR_T3,_ITR_T3,GradientBoosting,199683.46392770292
81.243.735/0001-48,2026-03-31 03:00:00,ITR,TARGET_DFC_MI_6.01_ITR_T3,_ITR_T3,GradientBoosting,19386.6605273584
82.901.000/0001-27,2026-03-31 03:00:00,ITR,TARGET_DFC_MI_6.01_ITR_T3,_ITR_T3,GradientBoosting,101961.65444838324
84.429.695/0001-11,2026-03-31 03:00:00,ITR,TARGET_DFC_MI_6.01_ITR_T3,_ITR_T3,GradientBoosting,7321.022172191707
89.637.490/0001-45,2026-03-31 03:00:00,ITR,TARGET_DFC_MI_6.01_ITR_T3,_ITR_T3,GradientBoosting,72245.33899047569
92.754.738/0001-62,2026-03-31 03:00:00,ITR,TARGET_DFC_MI_6.01_ITR_T3,_ITR_T3,GradientBoosting,77119.58797820615
02.429.144/0001-93,2026-03-31 03:00:00,ITR,TARGET_DFC_MI_6.01_DFP,_DFP,GradientBoosting,2005876.6291242852
02.474.103/0001-19,2026-03-31 03:00:00,ITR,TARGET_DFC_MI_6.01_DFP,_DFP,GradientBoosting,2110296.8905470055
02.998.611/0001-04,2026-03-31 03:00:00,ITR,TARGET_DFC_MI_6.01_DFP,_DFP,GradientBoosting,1040586.7957813167
03.220.438/0001-73,2026-03-31 03:00:00,ITR,TARGET_DFC_MI_6.01_DFP,_DFP,GradientBoosting,986063.5748024893
07.859.971/0001-30,2026-03-31 03:00:00,ITR,TARGET_DFC_MI_6.01_DFP,_DFP,GradientBoosting,1694919.8107306
10.629.105/0001-68,2026-03-31 03:00:00,ITR,TARGET_DFC_MI_6.01_DFP,_DFP,GradientBoosting,2278693.6523620086
16.404.287/0001-55,2026-03-31 03:00:00,ITR,TARGET_DFC_MI_6.01_DFP,_DFP,GradientBoosting,2551080.522240352
16.590.234/0001-76,2026-03-31 03:00:00,ITR,TARGET_DFC_MI_6.01_DFP,_DFP,GradientBoosting,571464.0991264919
24.990.777/0001-09,2026-03-31 03:00:00,ITR,TARGET_DFC_MI_6.01_DFP,_DFP,GradientBoosting,1743435.7705241407
33.000.167/0001-01,2026-03-31 03:00:00,ITR,TARGET_DFC_MI_6.01_DFP,_DFP,GradientBoosting,5161976.913568468
33.042.730/0001-04,2026-03-31 03:00:00,ITR,TARGET_DFC_MI_6.01_DFP,_DFP,GradientBoosting,193065.7663992768
33.256.439/0001-39,2026-03-31 03:00:00,ITR,TARGET_DFC_MI_6.01_DFP,_DFP,GradientBoosting,44533.73952748616
33.592.510/0001-54,2026-03-31 03:00:00,ITR,TARGET_DFC_MI_6.01_DFP,_DFP,GradientBoosting,4390200.875350295
33.611.500/0001-19,2026-03-31 03:00:00,ITR,TARGET_DFC_MI_6.01_DFP,_DFP,GradientBoosting,2062995.9493915935
34.274.233/0001-02,2026-03-31 03:00:00,ITR,TARGET_DFC_MI_6.01_DFP,_DFP,GradientBoosting,51995.706092016204
47.960.950/0001-21,2026-03-31 03:00:00,ITR,TARGET_DFC_MI_6.01_DFP,_DFP,GradientBoosting,1179217.9110239414
53.113.791/0001-22,2026-03-31 03:00:00,ITR,TARGET_DFC_MI_6.01_DFP,_DFP,GradientBoosting,427358.1825711216
61.079.117/0001-05,2026-03-31 03:00:00,ITR,TARGET_DFC_MI_6.01_DFP,_DFP,GradientBoosting,384312.1208153425
81.243.735/0001-48,2026-03-31 03:00:00,ITR,TARGET_DFC_MI_6.01_DFP,_DFP,GradientBoosting,42786.86593651029
82.901.000/0001-27,2026-03-31 03:00:00,ITR,TARGET_DFC_MI_6.01_DFP,_DFP,GradientBoosting,150245.13633389337
84.429.695/0001-11,2026-03-31 03:00:00,ITR,TARGET_DFC_MI_6.01_DFP,_DFP,GradientBoosting,3196043.097310474
89.637.490/0001-45,2026-03-31 03:00:00,ITR,TARGET_DFC_MI_6.01_DFP,_DFP,GradientBoosting,2993436.4786283188
92.754.738/0001-62,2026-03-31 03:00:00,ITR,TARGET_DFC_MI_6.01_DFP,_DFP,GradientBoosting,1867.2985092003746
